<?xml version="1.0" encoding="UTF-8"?><map xmlns:ditaarch="http://dita.oasis-open.org/architecture/2005/" xmlns:dita-ot="http://dita-ot.sourceforge.net/ns/201007/dita-ot" cascade="merge" class="- map/map " ditaarch:DITAArchVersion="1.3" domains="(map mapgroup-d) (topic abbrev-d) (topic delay-d) a(props deliveryTarget) (map ditavalref-d) (map glossref-d) (topic hazard-d) (topic hi-d) (topic indexing-d) (topic markup-d) (topic pr-d) (topic relmgmt-d) (topic sw-d) (topic ui-d) (topic ut-d) (topic markup-d xml-d)" specializations="@props/deliveryTarget" xtrc="map:1;3:6" xtrf="file:/C:/Users/Primo/Downloads/portfolio/portfolio/portfolio_a.ditamap"><opentopic:map xmlns:opentopic="http://www.idiominc.com/opentopic" xmlns:ot-placeholder="http://suite-sol.com/namespaces/ot-placeholder">
 <title class="- topic/title " xtrc="title:1;4:9" xtrf="file:/C:/Users/Primo/Downloads/portfolio/portfolio/portfolio_a.ditamap">Portfolio: Jason Guderjahn</title>
  <topicmeta class="- map/topicmeta " xtrc="topicmeta:1;5:14" xtrf="file:/C:/Users/Primo/Downloads/portfolio/portfolio/portfolio_a.ditamap">
   <keywords class="- topic/keywords " xtrc="keywords:1;6:14" xtrf="file:/C:/Users/Primo/Downloads/portfolio/portfolio/portfolio_a.ditamap">
    <keyword class="- topic/keyword " xtrc="keyword:1;7:14" xtrf="file:/C:/Users/Primo/Downloads/portfolio/portfolio/portfolio_a.ditamap">portfolio</keyword>
   </keywords>
  </topicmeta>
 <topicref class="- map/topicref " xtrc="topicref:1;10:40" xtrf="file:/C:/Users/Primo/Downloads/portfolio/portfolio/portfolio_a.ditamap" href="#unique_1" id="unique_1" type="topic" ohref="topics/about_me.dita" first_topic_id="#unique_1"><topicmeta class="- map/topicmeta " data-topic-id="education"><resourceid class="- topic/resourceid " oxy-source="topic" appid="education"/><navtitle class="- topic/navtitle ">About Me</navtitle><?ditaot gentext?><linktext class="- map/linktext ">About Me</linktext><?ditaot genshortdesc?><shortdesc class="- map/shortdesc ">This section describes me, briefly.</shortdesc></topicmeta><topicref class="- map/topicref " xtrc="topicref:2;11:47" xtrf="file:/C:/Users/Primo/Downloads/portfolio/portfolio/portfolio_a.ditamap" href="#unique_2" id="unique_2" type="task" ohref="tasks/my_work_life_a.dita" first_topic_id="#unique_2"><topicmeta class="- map/topicmeta " data-topic-id="my_work_life"><resourceid class="- topic/resourceid " oxy-source="topic" appid="my_work_life"/><navtitle class="- topic/navtitle ">My Work Life</navtitle><?ditaot gentext?><linktext class="- map/linktext ">My Work Life</linktext><?ditaot genshortdesc?><shortdesc class="- map/shortdesc ">This describes a bit about my work life.</shortdesc></topicmeta></topicref><topicref class="- map/topicref " xtrc="topicref:3;12:47" xtrf="file:/C:/Users/Primo/Downloads/portfolio/portfolio/portfolio_a.ditamap" href="#unique_4" id="unique_4" type="task" ohref="tasks/my_home_life_a.dita" first_topic_id="#unique_4"><topicmeta class="- map/topicmeta " data-topic-id="my_home_life"><resourceid class="- topic/resourceid " oxy-source="topic" appid="my_home_life"/><navtitle class="- topic/navtitle ">My Home Life</navtitle><?ditaot gentext?><linktext class="- map/linktext ">My Home Life</linktext><?ditaot genshortdesc?><shortdesc class="- map/shortdesc ">This describes a bit about my personal life.</shortdesc></topicmeta></topicref></topicref>
 <topicref class="- map/topicref " xtrc="topicref:4;14:41" xtrf="file:/C:/Users/Primo/Downloads/portfolio/portfolio/portfolio_a.ditamap" href="#unique_6" id="unique_6" type="topic" ohref="topics/education.dita" first_topic_id="#unique_6"><topicmeta class="- map/topicmeta " data-topic-id="education"><resourceid class="- topic/resourceid " oxy-source="topic" appid="education"/><navtitle class="- topic/navtitle ">Education</navtitle><?ditaot gentext?><linktext class="- map/linktext ">Education</linktext><?ditaot genshortdesc?><shortdesc class="- map/shortdesc ">This introduces my educational background.</shortdesc></topicmeta><topicref class="- map/topicref " xtrc="topicref:5;15:41" xtrf="file:/C:/Users/Primo/Downloads/portfolio/portfolio/portfolio_a.ditamap" href="#unique_7" id="unique_7" type="task" ohref="tasks/school_2.dita" first_topic_id="#unique_7"><topicmeta class="- map/topicmeta " data-topic-id="school_2"><resourceid class="- topic/resourceid " oxy-source="topic" appid="school_2"/><navtitle class="- topic/navtitle ">School 2</navtitle><?ditaot gentext?><linktext class="- map/linktext ">School 2</linktext><?ditaot genshortdesc?><shortdesc class="- map/shortdesc ">This describes a bit about my educational experience at school 2.</shortdesc></topicmeta></topicref><topicref class="- map/topicref " xtrc="topicref:6;16:41" xtrf="file:/C:/Users/Primo/Downloads/portfolio/portfolio/portfolio_a.ditamap" href="#unique_8" id="unique_8" type="task" ohref="tasks/school_1.dita" first_topic_id="#unique_8"><topicmeta class="- map/topicmeta " data-topic-id="school_1"><resourceid class="- topic/resourceid " oxy-source="topic" appid="school_1"/><navtitle class="- topic/navtitle ">School 1</navtitle><?ditaot gentext?><linktext class="- map/linktext ">School 1</linktext><?ditaot genshortdesc?><shortdesc class="- map/shortdesc ">This describes a bit about my educational experience at school 1.</shortdesc></topicmeta></topicref></topicref>
 <topicref class="- map/topicref " xtrc="topicref:7;18:47" xtrf="file:/C:/Users/Primo/Downloads/portfolio/portfolio/portfolio_a.ditamap" href="#unique_9" id="unique_9" type="topic" ohref="topics/work_experience.dita" first_topic_id="#unique_9"><topicmeta class="- map/topicmeta " data-topic-id="work_experience"><resourceid class="- topic/resourceid " oxy-source="topic" appid="work_experience"/><navtitle class="- topic/navtitle ">Work Experience</navtitle><?ditaot gentext?><linktext class="- map/linktext ">Work Experience</linktext><?ditaot genshortdesc?><shortdesc class="- map/shortdesc ">This describes a bit about my work experience.</shortdesc></topicmeta><topicref class="- map/topicref " xtrc="topicref:8;19:39" xtrf="file:/C:/Users/Primo/Downloads/portfolio/portfolio/portfolio_a.ditamap" href="#unique_10" id="unique_10" type="task" ohref="tasks/work_2.dita" first_topic_id="#unique_10"><topicmeta class="- map/topicmeta " data-topic-id="work_2"><resourceid class="- topic/resourceid " oxy-source="topic" appid="work_2"/><navtitle class="- topic/navtitle ">Work Experience 2</navtitle><?ditaot gentext?><linktext class="- map/linktext ">Work Experience 2</linktext><?ditaot genshortdesc?><shortdesc class="- map/shortdesc ">This describes a bit about my work experience 2.</shortdesc></topicmeta></topicref><topicref class="- map/topicref " xtrc="topicref:9;20:39" xtrf="file:/C:/Users/Primo/Downloads/portfolio/portfolio/portfolio_a.ditamap" href="#unique_11" id="unique_11" type="task" ohref="tasks/work_1.dita" first_topic_id="#unique_11"><topicmeta class="- map/topicmeta " data-topic-id="work_1"><resourceid class="- topic/resourceid " oxy-source="topic" appid="work_1"/><navtitle class="- topic/navtitle ">Work Experience 1</navtitle><?ditaot gentext?><linktext class="- map/linktext ">Work Experience 1</linktext><?ditaot genshortdesc?><shortdesc class="- map/shortdesc ">This describes a bit about my work experience 1.</shortdesc></topicmeta></topicref></topicref>
 <topicref class="- map/topicref " xtrc="topicref:10;22:38" xtrf="file:/C:/Users/Primo/Downloads/portfolio/portfolio/portfolio_a.ditamap" href="#unique_12" id="unique_12" type="topic" ohref="topics/skills.dita" first_topic_id="#unique_12"><topicmeta class="- map/topicmeta " data-topic-id="skills"><resourceid class="- topic/resourceid " oxy-source="topic" appid="skills"/><navtitle class="- topic/navtitle ">Skills</navtitle><?ditaot gentext?><linktext class="- map/linktext ">Skills</linktext><?ditaot genshortdesc?><shortdesc class="- map/shortdesc ">This describes a bit about my relevant skills.</shortdesc></topicmeta><topicref class="- map/topicref " xtrc="topicref:11;23:40" xtrf="file:/C:/Users/Primo/Downloads/portfolio/portfolio/portfolio_a.ditamap" href="#unique_13" id="unique_13" type="task" ohref="tasks/skill_1.dita" first_topic_id="#unique_13"><topicmeta class="- map/topicmeta " data-topic-id="skill_1"><resourceid class="- topic/resourceid " oxy-source="topic" appid="skill_1"/><navtitle class="- topic/navtitle ">Skill 1</navtitle><?ditaot gentext?><linktext class="- map/linktext ">Skill 1</linktext><?ditaot genshortdesc?><shortdesc class="- map/shortdesc ">This describes a bit about my skill 1.</shortdesc></topicmeta></topicref><topicref class="- map/topicref " xtrc="topicref:12;24:40" xtrf="file:/C:/Users/Primo/Downloads/portfolio/portfolio/portfolio_a.ditamap" href="#unique_14" id="unique_14" type="task" ohref="tasks/skill_2.dita" first_topic_id="#unique_14"><topicmeta class="- map/topicmeta " data-topic-id="skill_4"><resourceid class="- topic/resourceid " oxy-source="topic" appid="skill_4"/><navtitle class="- topic/navtitle ">Skill 2</navtitle><?ditaot gentext?><linktext class="- map/linktext ">Skill 2</linktext><?ditaot genshortdesc?><shortdesc class="- map/shortdesc ">This describes a bit about my skill 2.</shortdesc></topicmeta></topicref><topicref class="- map/topicref " xtrc="topicref:13;25:40" xtrf="file:/C:/Users/Primo/Downloads/portfolio/portfolio/portfolio_a.ditamap" href="#unique_15" id="unique_15" type="task" ohref="tasks/skill_3.dita" first_topic_id="#unique_15"><topicmeta class="- map/topicmeta " data-topic-id="skill_3"><resourceid class="- topic/resourceid " oxy-source="topic" appid="skill_3"/><navtitle class="- topic/navtitle ">Skill 3</navtitle><?ditaot gentext?><linktext class="- map/linktext ">Skill 3</linktext><?ditaot genshortdesc?><shortdesc class="- map/shortdesc ">This describes a bit about my skill 3.</shortdesc></topicmeta></topicref><topicref class="- map/topicref " xtrc="topicref:14;26:40" xtrf="file:/C:/Users/Primo/Downloads/portfolio/portfolio/portfolio_a.ditamap" href="#unique_16" id="unique_16" type="task" ohref="tasks/skill_4.dita" first_topic_id="#unique_16"><topicmeta class="- map/topicmeta " data-topic-id="skill_4"><resourceid class="- topic/resourceid " oxy-source="topic" appid="skill_4"/><navtitle class="- topic/navtitle ">Skill 4</navtitle><?ditaot gentext?><linktext class="- map/linktext ">Skill 4</linktext><?ditaot genshortdesc?><shortdesc class="- map/shortdesc ">This describes a bit about my skill 4.</shortdesc></topicmeta></topicref></topicref>
 <topicref class="- map/topicref " xtrc="topicref:15;28:42" xtrf="file:/C:/Users/Primo/Downloads/portfolio/portfolio/portfolio_a.ditamap" href="#unique_17" id="unique_17" type="topic" ohref="topics/references.dita" first_topic_id="#unique_17"><topicmeta class="- map/topicmeta " data-topic-id="references"><resourceid class="- topic/resourceid " oxy-source="topic" appid="references"/><navtitle class="- topic/navtitle ">References</navtitle><?ditaot gentext?><linktext class="- map/linktext ">References</linktext><?ditaot genshortdesc?><shortdesc class="- map/shortdesc ">This introduces my references.</shortdesc></topicmeta><topicref class="- map/topicref " xtrc="topicref:16;29:44" xtrf="file:/C:/Users/Primo/Downloads/portfolio/portfolio/portfolio_a.ditamap" href="#unique_18" id="unique_18" type="task" ohref="tasks/reference_1.dita" first_topic_id="#unique_18"><topicmeta class="- map/topicmeta " data-topic-id="reference_1"><resourceid class="- topic/resourceid " oxy-source="topic" appid="reference_1"/><navtitle class="- topic/navtitle ">Reference 1</navtitle><?ditaot gentext?><linktext class="- map/linktext ">Reference 1</linktext><?ditaot genshortdesc?><shortdesc class="- map/shortdesc ">This describes a bit about the person who will serve as my reference 1.</shortdesc></topicmeta></topicref><topicref class="- map/topicref " xtrc="topicref:17;30:44" xtrf="file:/C:/Users/Primo/Downloads/portfolio/portfolio/portfolio_a.ditamap" href="#unique_19" id="unique_19" type="task" ohref="tasks/reference_2.dita" first_topic_id="#unique_19"><topicmeta class="- map/topicmeta " data-topic-id="reference_2"><resourceid class="- topic/resourceid " oxy-source="topic" appid="reference_2"/><navtitle class="- topic/navtitle ">Reference 2</navtitle><?ditaot gentext?><linktext class="- map/linktext ">Reference 2</linktext><?ditaot genshortdesc?><shortdesc class="- map/shortdesc ">This describes a bit about the person who will serve as my reference 2.</shortdesc></topicmeta></topicref><topicref class="- map/topicref " xtrc="topicref:18;31:44" xtrf="file:/C:/Users/Primo/Downloads/portfolio/portfolio/portfolio_a.ditamap" href="#unique_20" id="unique_20" type="task" ohref="tasks/reference_3.dita" first_topic_id="#unique_20"><topicmeta class="- map/topicmeta " data-topic-id="reference_3"><resourceid class="- topic/resourceid " oxy-source="topic" appid="reference_3"/><navtitle class="- topic/navtitle ">Reference 3</navtitle><?ditaot gentext?><linktext class="- map/linktext ">Reference 3</linktext><?ditaot genshortdesc?><shortdesc class="- map/shortdesc ">This describes a bit about the person who will serve as my reference 3.</shortdesc></topicmeta></topicref></topicref>
</opentopic:map><topic ditaarch:DITAArchVersion="1.3" domains="(topic abbrev-d) a(props deliveryTarget) (topic equation-d) (topic hazard-d) (topic hi-d) (topic indexing-d) (topic markup-d) (topic mathml-d) (topic pr-d) (topic relmgmt-d) (topic sw-d) (topic svg-d) (topic ui-d) (topic ut-d) (topic markup-d xml-d)" class="- topic/topic " xtrf="file:/C:/Users/Primo/Downloads/portfolio/portfolio/topics/about_me.dita" xtrc="topic:1;4:23" specializations="@props/deliveryTarget" oid="education" id="unique_1">
  <title class="- topic/title " xtrf="file:/C:/Users/Primo/Downloads/portfolio/portfolio/topics/about_me.dita" xtrc="title:1;5:10">About Me</title>
  <shortdesc class="- topic/shortdesc " xtrf="file:/C:/Users/Primo/Downloads/portfolio/portfolio/topics/about_me.dita" xtrc="shortdesc:1;6:14">This section describes me, briefly.</shortdesc>
  <prolog class="- topic/prolog " xtrf="file:/C:/Users/Primo/Downloads/portfolio/portfolio/topics/about_me.dita" xtrc="prolog:1;7:11">
    <metadata class="- topic/metadata " xtrf="file:/C:/Users/Primo/Downloads/portfolio/portfolio/topics/about_me.dita" xtrc="metadata:1;8:15">
      <keywords class="- topic/keywords " xtrf="file:/C:/Users/Primo/Downloads/portfolio/portfolio/topics/about_me.dita" xtrc="keywords:1;9:17">
        <indexterm class="- topic/indexterm " xtrf="file:/C:/Users/Primo/Downloads/portfolio/portfolio/topics/about_me.dita" xtrc="indexterm:1;10:20">about</indexterm>
      </keywords>
    </metadata>
  </prolog>
  <body class="- topic/body " xtrf="file:/C:/Users/Primo/Downloads/portfolio/portfolio/topics/about_me.dita" xtrc="body:1;14:9">
    <p class="- topic/p " xtrf="file:/C:/Users/Primo/Downloads/portfolio/portfolio/topics/about_me.dita" xtrc="p:1;15:8">This section describes me, less briefly.</p>
  </body>
<task ditaarch:DITAArchVersion="1.3" domains="(topic task) (topic abbrev-d) a(props deliveryTarget) (topic equation-d) (topic hazard-d) (topic hi-d) (topic indexing-d) (topic markup-d) (topic mathml-d) (topic pr-d) (topic relmgmt-d) (topic sw-d) (topic svg-d) (topic ui-d) (topic ut-d) (topic markup-d xml-d) (topic task strictTaskbody-c)" class="- topic/topic task/task " xtrf="file:/C:/Users/Primo/Downloads/portfolio/portfolio/tasks/my_work_life_a.dita" xtrc="task:1;4:25" specializations="@props/deliveryTarget" oid="my_work_life" id="unique_2">
  <title class="- topic/title " xtrf="file:/C:/Users/Primo/Downloads/portfolio/portfolio/tasks/my_work_life_a.dita" xtrc="title:1;5:10">My Work Life</title>
  <shortdesc class="- topic/shortdesc " xtrf="file:/C:/Users/Primo/Downloads/portfolio/portfolio/tasks/my_work_life_a.dita" xtrc="shortdesc:1;6:14">This describes a bit about my work life.</shortdesc>
  <taskbody class="- topic/body task/taskbody " xtrf="file:/C:/Users/Primo/Downloads/portfolio/portfolio/tasks/my_work_life_a.dita" xtrc="taskbody:1;7:13">
    <context class="- topic/section task/context " xtrf="file:/C:/Users/Primo/Downloads/portfolio/portfolio/tasks/my_work_life_a.dita" xtrc="context:1;8:14">
      <p class="- topic/p " xtrf="file:/C:/Users/Primo/Downloads/portfolio/portfolio/tasks/my_work_life_a.dita" xtrc="p:1;9:10">This describes a bit about my work life.</p>
    </context>
  </taskbody>
  <related-links class="- topic/related-links " xtrf="file:/C:/Users/Primo/Downloads/portfolio/portfolio/tasks/my_work_life_a.dita" xtrc="related-links:1;12:18">
    <link href="#unique_3" class="- topic/link " xtrf="file:/C:/Users/Primo/Downloads/portfolio/portfolio/tasks/my_work_life_a.dita" xtrc="link:1;13:37" ohref="tasks/my_home_life.dita"/>
  </related-links>
</task><task ditaarch:DITAArchVersion="1.3" domains="(topic task) (topic abbrev-d) a(props deliveryTarget) (topic equation-d) (topic hazard-d) (topic hi-d) (topic indexing-d) (topic markup-d) (topic mathml-d) (topic pr-d) (topic relmgmt-d) (topic sw-d) (topic svg-d) (topic ui-d) (topic ut-d) (topic markup-d xml-d) (topic task strictTaskbody-c)" class="- topic/topic task/task " xtrf="file:/C:/Users/Primo/Downloads/portfolio/portfolio/tasks/my_home_life_a.dita" xtrc="task:1;4:25" specializations="@props/deliveryTarget" oid="my_home_life" id="unique_4">
  <title class="- topic/title " xtrf="file:/C:/Users/Primo/Downloads/portfolio/portfolio/tasks/my_home_life_a.dita" xtrc="title:1;5:10">My Home Life</title>
  <shortdesc class="- topic/shortdesc " xtrf="file:/C:/Users/Primo/Downloads/portfolio/portfolio/tasks/my_home_life_a.dita" xtrc="shortdesc:1;6:14">This describes a bit about my personal life.</shortdesc>
  <taskbody class="- topic/body task/taskbody " xtrf="file:/C:/Users/Primo/Downloads/portfolio/portfolio/tasks/my_home_life_a.dita" xtrc="taskbody:1;7:13">
    <context class="- topic/section task/context " xtrf="file:/C:/Users/Primo/Downloads/portfolio/portfolio/tasks/my_home_life_a.dita" xtrc="context:1;8:14">
      <p class="- topic/p " xtrf="file:/C:/Users/Primo/Downloads/portfolio/portfolio/tasks/my_home_life_a.dita" xtrc="p:1;9:10">This describes a bit about my personal life. Where I grew up, a little about how my past has led me to become who I am today.</p>
    </context>
  </taskbody>
  <related-links class="- topic/related-links " xtrf="file:/C:/Users/Primo/Downloads/portfolio/portfolio/tasks/my_home_life_a.dita" xtrc="related-links:1;12:18">
    <link href="#unique_5" class="- topic/link " xtrf="file:/C:/Users/Primo/Downloads/portfolio/portfolio/tasks/my_home_life_a.dita" xtrc="link:1;13:37" ohref="tasks/my_work_life.dita"/>
  </related-links>
</task></topic><topic ditaarch:DITAArchVersion="1.3" domains="(topic abbrev-d) a(props deliveryTarget) (topic equation-d) (topic hazard-d) (topic hi-d) (topic indexing-d) (topic markup-d) (topic mathml-d) (topic pr-d) (topic relmgmt-d) (topic sw-d) (topic svg-d) (topic ui-d) (topic ut-d) (topic markup-d xml-d)" class="- topic/topic " xtrf="file:/C:/Users/Primo/Downloads/portfolio/portfolio/topics/education.dita" xtrc="topic:1;4:23" specializations="@props/deliveryTarget" oid="education" id="unique_6">
  <title class="- topic/title " xtrf="file:/C:/Users/Primo/Downloads/portfolio/portfolio/topics/education.dita" xtrc="title:1;5:10">Education</title>
  <shortdesc class="- topic/shortdesc " xtrf="file:/C:/Users/Primo/Downloads/portfolio/portfolio/topics/education.dita" xtrc="shortdesc:1;6:14">This introduces my educational background.</shortdesc>
  <prolog class="- topic/prolog " xtrf="file:/C:/Users/Primo/Downloads/portfolio/portfolio/topics/education.dita" xtrc="prolog:1;7:11">
    <metadata class="- topic/metadata " xtrf="file:/C:/Users/Primo/Downloads/portfolio/portfolio/topics/education.dita" xtrc="metadata:1;8:15">
      <keywords class="- topic/keywords " xtrf="file:/C:/Users/Primo/Downloads/portfolio/portfolio/topics/education.dita" xtrc="keywords:1;9:17">
        <indexterm class="- topic/indexterm " xtrf="file:/C:/Users/Primo/Downloads/portfolio/portfolio/topics/education.dita" xtrc="indexterm:1;10:20">education</indexterm>
      </keywords>
    </metadata>
  </prolog>
  <body class="- topic/body " xtrf="file:/C:/Users/Primo/Downloads/portfolio/portfolio/topics/education.dita" xtrc="body:1;14:9">
    <p class="- topic/p " xtrf="file:/C:/Users/Primo/Downloads/portfolio/portfolio/topics/education.dita" xtrc="p:1;15:8">This introduces my educational background. This section is a little fuller, describing the schools in more depth.</p>
  </body>
<task ditaarch:DITAArchVersion="1.3" domains="(topic task) (topic abbrev-d) a(props deliveryTarget) (topic equation-d) (topic hazard-d) (topic hi-d) (topic indexing-d) (topic markup-d) (topic mathml-d) (topic pr-d) (topic relmgmt-d) (topic sw-d) (topic svg-d) (topic ui-d) (topic ut-d) (topic markup-d xml-d) (topic task strictTaskbody-c)" class="- topic/topic task/task " xtrf="file:/C:/Users/Primo/Downloads/portfolio/portfolio/tasks/school_2.dita" xtrc="task:1;4:21" specializations="@props/deliveryTarget" oid="school_2" id="unique_7">
  <title class="- topic/title " xtrf="file:/C:/Users/Primo/Downloads/portfolio/portfolio/tasks/school_2.dita" xtrc="title:1;5:10">School 2</title>
  <shortdesc class="- topic/shortdesc " xtrf="file:/C:/Users/Primo/Downloads/portfolio/portfolio/tasks/school_2.dita" xtrc="shortdesc:1;6:14">This describes a bit about my educational experience at school 2.</shortdesc>
  <taskbody class="- topic/body task/taskbody " xtrf="file:/C:/Users/Primo/Downloads/portfolio/portfolio/tasks/school_2.dita" xtrc="taskbody:1;7:13">
    <context class="- topic/section task/context " xtrf="file:/C:/Users/Primo/Downloads/portfolio/portfolio/tasks/school_2.dita" xtrc="context:1;8:14">
      <p class="- topic/p " xtrf="file:/C:/Users/Primo/Downloads/portfolio/portfolio/tasks/school_2.dita" xtrc="p:1;9:10">This describes a bit about my educational experience at school 2.</p>
    </context>
  </taskbody>
  <related-links class="- topic/related-links " xtrf="file:/C:/Users/Primo/Downloads/portfolio/portfolio/tasks/school_2.dita" xtrc="related-links:1;12:18">
    <link href="#unique_8" class="- topic/link " xtrf="file:/C:/Users/Primo/Downloads/portfolio/portfolio/tasks/school_2.dita" xtrc="link:1;13:33" type="task" ohref="tasks/school_1.dita"><?ditaot gentext?><linktext class="- topic/linktext ">School 1</linktext><?ditaot genshortdesc?><desc class="- topic/desc ">This describes a bit about my educational experience at school 1.</desc></link>
  </related-links>
</task><task ditaarch:DITAArchVersion="1.3" domains="(topic task) (topic abbrev-d) a(props deliveryTarget) (topic equation-d) (topic hazard-d) (topic hi-d) (topic indexing-d) (topic markup-d) (topic mathml-d) (topic pr-d) (topic relmgmt-d) (topic sw-d) (topic svg-d) (topic ui-d) (topic ut-d) (topic markup-d xml-d) (topic task strictTaskbody-c)" class="- topic/topic task/task " xtrf="file:/C:/Users/Primo/Downloads/portfolio/portfolio/tasks/school_1.dita" xtrc="task:1;4:21" specializations="@props/deliveryTarget" oid="school_1" id="unique_8">
  <title class="- topic/title " xtrf="file:/C:/Users/Primo/Downloads/portfolio/portfolio/tasks/school_1.dita" xtrc="title:1;5:10">School 1</title>
  <shortdesc class="- topic/shortdesc " xtrf="file:/C:/Users/Primo/Downloads/portfolio/portfolio/tasks/school_1.dita" xtrc="shortdesc:1;6:14">This describes a bit about my educational experience at school 1.</shortdesc>
  <taskbody class="- topic/body task/taskbody " xtrf="file:/C:/Users/Primo/Downloads/portfolio/portfolio/tasks/school_1.dita" xtrc="taskbody:1;7:13">
    <context class="- topic/section task/context " xtrf="file:/C:/Users/Primo/Downloads/portfolio/portfolio/tasks/school_1.dita" xtrc="context:1;8:14">
      <p class="- topic/p " xtrf="file:/C:/Users/Primo/Downloads/portfolio/portfolio/tasks/school_1.dita" xtrc="p:1;9:10">This describes a bit about my educational experience at school 1.</p>
    </context>
  </taskbody>
  <related-links class="- topic/related-links " xtrf="file:/C:/Users/Primo/Downloads/portfolio/portfolio/tasks/school_1.dita" xtrc="related-links:1;12:18">
    <link href="#unique_7" class="- topic/link " xtrf="file:/C:/Users/Primo/Downloads/portfolio/portfolio/tasks/school_1.dita" xtrc="link:1;13:33" type="task" ohref="tasks/school_2.dita"><?ditaot gentext?><linktext class="- topic/linktext ">School 2</linktext><?ditaot genshortdesc?><desc class="- topic/desc ">This describes a bit about my educational experience at school 2.</desc></link>
  </related-links>
</task></topic><topic ditaarch:DITAArchVersion="1.3" domains="(topic abbrev-d) a(props deliveryTarget) (topic equation-d) (topic hazard-d) (topic hi-d) (topic indexing-d) (topic markup-d) (topic mathml-d) (topic pr-d) (topic relmgmt-d) (topic sw-d) (topic svg-d) (topic ui-d) (topic ut-d) (topic markup-d xml-d)" class="- topic/topic " xtrf="file:/C:/Users/Primo/Downloads/portfolio/portfolio/topics/work_experience.dita" xtrc="topic:1;4:29" specializations="@props/deliveryTarget" oid="work_experience" id="unique_9">
  <title class="- topic/title " xtrf="file:/C:/Users/Primo/Downloads/portfolio/portfolio/topics/work_experience.dita" xtrc="title:1;5:10">Work Experience</title>
  <shortdesc class="- topic/shortdesc " xtrf="file:/C:/Users/Primo/Downloads/portfolio/portfolio/topics/work_experience.dita" xtrc="shortdesc:1;6:14">This describes a bit about my work experience.</shortdesc>
  <prolog class="- topic/prolog " xtrf="file:/C:/Users/Primo/Downloads/portfolio/portfolio/topics/work_experience.dita" xtrc="prolog:1;7:11">
    <metadata class="- topic/metadata " xtrf="file:/C:/Users/Primo/Downloads/portfolio/portfolio/topics/work_experience.dita" xtrc="metadata:1;8:15">
      <keywords class="- topic/keywords " xtrf="file:/C:/Users/Primo/Downloads/portfolio/portfolio/topics/work_experience.dita" xtrc="keywords:1;9:17">
        <indexterm class="- topic/indexterm " xtrf="file:/C:/Users/Primo/Downloads/portfolio/portfolio/topics/work_experience.dita" xtrc="indexterm:1;10:20">work</indexterm>
      </keywords>
    </metadata>
  </prolog>
  <body class="- topic/body " xtrf="file:/C:/Users/Primo/Downloads/portfolio/portfolio/topics/work_experience.dita" xtrc="body:1;14:9">
    <p class="- topic/p " xtrf="file:/C:/Users/Primo/Downloads/portfolio/portfolio/topics/work_experience.dita" xtrc="p:1;15:8">This describes a bit more about my work experience.</p>
  </body>
<task ditaarch:DITAArchVersion="1.3" domains="(topic task) (topic abbrev-d) a(props deliveryTarget) (topic equation-d) (topic hazard-d) (topic hi-d) (topic indexing-d) (topic markup-d) (topic mathml-d) (topic pr-d) (topic relmgmt-d) (topic sw-d) (topic svg-d) (topic ui-d) (topic ut-d) (topic markup-d xml-d) (topic task strictTaskbody-c)" class="- topic/topic task/task " xtrf="file:/C:/Users/Primo/Downloads/portfolio/portfolio/tasks/work_2.dita" xtrc="task:1;4:19" specializations="@props/deliveryTarget" oid="work_2" id="unique_10">
  <title class="- topic/title " xtrf="file:/C:/Users/Primo/Downloads/portfolio/portfolio/tasks/work_2.dita" xtrc="title:1;5:10">Work Experience 2</title>
  <shortdesc class="- topic/shortdesc " xtrf="file:/C:/Users/Primo/Downloads/portfolio/portfolio/tasks/work_2.dita" xtrc="shortdesc:1;6:14">This describes a bit about my work experience 2.</shortdesc>
  <taskbody class="- topic/body task/taskbody " xtrf="file:/C:/Users/Primo/Downloads/portfolio/portfolio/tasks/work_2.dita" xtrc="taskbody:1;7:13">
    <context class="- topic/section task/context " xtrf="file:/C:/Users/Primo/Downloads/portfolio/portfolio/tasks/work_2.dita" xtrc="context:1;8:14">
      <p class="- topic/p " xtrf="file:/C:/Users/Primo/Downloads/portfolio/portfolio/tasks/work_2.dita" xtrc="p:1;9:10">This describes a bit about my work experience 2.</p>
    </context>
  </taskbody>
  <related-links class="- topic/related-links " xtrf="file:/C:/Users/Primo/Downloads/portfolio/portfolio/tasks/work_2.dita" xtrc="related-links:1;12:18">
    <link href="#unique_5" class="- topic/link " xtrf="file:/C:/Users/Primo/Downloads/portfolio/portfolio/tasks/work_2.dita" xtrc="link:1;13:37" ohref="tasks/my_work_life.dita"/>
  </related-links>
</task><task ditaarch:DITAArchVersion="1.3" domains="(topic task) (topic abbrev-d) a(props deliveryTarget) (topic equation-d) (topic hazard-d) (topic hi-d) (topic indexing-d) (topic markup-d) (topic mathml-d) (topic pr-d) (topic relmgmt-d) (topic sw-d) (topic svg-d) (topic ui-d) (topic ut-d) (topic markup-d xml-d) (topic task strictTaskbody-c)" class="- topic/topic task/task " xtrf="file:/C:/Users/Primo/Downloads/portfolio/portfolio/tasks/work_1.dita" xtrc="task:1;4:19" specializations="@props/deliveryTarget" oid="work_1" id="unique_11">
  <title class="- topic/title " xtrf="file:/C:/Users/Primo/Downloads/portfolio/portfolio/tasks/work_1.dita" xtrc="title:1;5:10">Work Experience 1</title>
  <shortdesc class="- topic/shortdesc " xtrf="file:/C:/Users/Primo/Downloads/portfolio/portfolio/tasks/work_1.dita" xtrc="shortdesc:1;6:14">This describes a bit about my work experience 1.</shortdesc>
  <taskbody class="- topic/body task/taskbody " xtrf="file:/C:/Users/Primo/Downloads/portfolio/portfolio/tasks/work_1.dita" xtrc="taskbody:1;7:13">
    <context class="- topic/section task/context " xtrf="file:/C:/Users/Primo/Downloads/portfolio/portfolio/tasks/work_1.dita" xtrc="context:1;8:14">
      <p class="- topic/p " xtrf="file:/C:/Users/Primo/Downloads/portfolio/portfolio/tasks/work_1.dita" xtrc="p:1;9:10">This describes a bit about my work experience 1.</p>
    </context>
  </taskbody>
  <related-links class="- topic/related-links " xtrf="file:/C:/Users/Primo/Downloads/portfolio/portfolio/tasks/work_1.dita" xtrc="related-links:1;12:18">
    <link href="#unique_5" class="- topic/link " xtrf="file:/C:/Users/Primo/Downloads/portfolio/portfolio/tasks/work_1.dita" xtrc="link:1;13:37" ohref="tasks/my_work_life.dita"/>
  </related-links>
</task></topic><topic ditaarch:DITAArchVersion="1.3" domains="(topic abbrev-d) a(props deliveryTarget) (topic equation-d) (topic hazard-d) (topic hi-d) (topic indexing-d) (topic markup-d) (topic mathml-d) (topic pr-d) (topic relmgmt-d) (topic sw-d) (topic svg-d) (topic ui-d) (topic ut-d) (topic markup-d xml-d)" class="- topic/topic " xtrf="file:/C:/Users/Primo/Downloads/portfolio/portfolio/topics/skills.dita" xtrc="topic:1;4:20" specializations="@props/deliveryTarget" oid="skills" id="unique_12">
  <title class="- topic/title " xtrf="file:/C:/Users/Primo/Downloads/portfolio/portfolio/topics/skills.dita" xtrc="title:1;5:10">Skills</title>
  <shortdesc class="- topic/shortdesc " xtrf="file:/C:/Users/Primo/Downloads/portfolio/portfolio/topics/skills.dita" xtrc="shortdesc:1;6:14">This describes a bit about my relevant skills.</shortdesc>
  <prolog class="- topic/prolog " xtrf="file:/C:/Users/Primo/Downloads/portfolio/portfolio/topics/skills.dita" xtrc="prolog:1;7:11">
    <metadata class="- topic/metadata " xtrf="file:/C:/Users/Primo/Downloads/portfolio/portfolio/topics/skills.dita" xtrc="metadata:1;8:15">
      <keywords class="- topic/keywords " xtrf="file:/C:/Users/Primo/Downloads/portfolio/portfolio/topics/skills.dita" xtrc="keywords:1;9:17">
        <indexterm class="- topic/indexterm " xtrf="file:/C:/Users/Primo/Downloads/portfolio/portfolio/topics/skills.dita" xtrc="indexterm:1;10:20">work</indexterm>
      </keywords>
    </metadata>
  </prolog>
  <body class="- topic/body " xtrf="file:/C:/Users/Primo/Downloads/portfolio/portfolio/topics/skills.dita" xtrc="body:1;14:9">
    <p class="- topic/p " xtrf="file:/C:/Users/Primo/Downloads/portfolio/portfolio/topics/skills.dita" xtrc="p:1;15:8">This describes a bit more about my relevant skills.</p>
  </body>
<task ditaarch:DITAArchVersion="1.3" domains="(topic task) (topic abbrev-d) a(props deliveryTarget) (topic equation-d) (topic hazard-d) (topic hi-d) (topic indexing-d) (topic markup-d) (topic mathml-d) (topic pr-d) (topic relmgmt-d) (topic sw-d) (topic svg-d) (topic ui-d) (topic ut-d) (topic markup-d xml-d) (topic task strictTaskbody-c)" class="- topic/topic task/task " xtrf="file:/C:/Users/Primo/Downloads/portfolio/portfolio/tasks/skill_1.dita" xtrc="task:1;4:20" specializations="@props/deliveryTarget" oid="skill_1" id="unique_13">
  <title class="- topic/title " xtrf="file:/C:/Users/Primo/Downloads/portfolio/portfolio/tasks/skill_1.dita" xtrc="title:1;5:10">Skill 1</title>
  <shortdesc class="- topic/shortdesc " xtrf="file:/C:/Users/Primo/Downloads/portfolio/portfolio/tasks/skill_1.dita" xtrc="shortdesc:1;6:14">This describes a bit about my skill 1.</shortdesc>
  <taskbody class="- topic/body task/taskbody " xtrf="file:/C:/Users/Primo/Downloads/portfolio/portfolio/tasks/skill_1.dita" xtrc="taskbody:1;7:13">
    <context class="- topic/section task/context " xtrf="file:/C:/Users/Primo/Downloads/portfolio/portfolio/tasks/skill_1.dita" xtrc="context:1;8:14">
      <p class="- topic/p " xtrf="file:/C:/Users/Primo/Downloads/portfolio/portfolio/tasks/skill_1.dita" xtrc="p:1;9:10">This describes a bit about my skill 1.</p>
    </context>
  </taskbody>
  <related-links class="- topic/related-links " xtrf="file:/C:/Users/Primo/Downloads/portfolio/portfolio/tasks/skill_1.dita" xtrc="related-links:1;12:18">
    <link href="#unique_14" class="- topic/link " xtrf="file:/C:/Users/Primo/Downloads/portfolio/portfolio/tasks/skill_1.dita" xtrc="link:1;13:32" type="task" ohref="tasks/skill_2.dita"><?ditaot gentext?><linktext class="- topic/linktext ">Skill 2</linktext><?ditaot genshortdesc?><desc class="- topic/desc ">This describes a bit about my skill 2.</desc></link>
    <link href="#unique_15" class="- topic/link " xtrf="file:/C:/Users/Primo/Downloads/portfolio/portfolio/tasks/skill_1.dita" xtrc="link:2;14:32" type="task" ohref="tasks/skill_3.dita"><?ditaot gentext?><linktext class="- topic/linktext ">Skill 3</linktext><?ditaot genshortdesc?><desc class="- topic/desc ">This describes a bit about my skill 3.</desc></link>
    <link href="#unique_16" class="- topic/link " xtrf="file:/C:/Users/Primo/Downloads/portfolio/portfolio/tasks/skill_1.dita" xtrc="link:3;15:32" type="task" ohref="tasks/skill_4.dita"><?ditaot gentext?><linktext class="- topic/linktext ">Skill 4</linktext><?ditaot genshortdesc?><desc class="- topic/desc ">This describes a bit about my skill 4.</desc></link>
  </related-links>
</task><task ditaarch:DITAArchVersion="1.3" domains="(topic task) (topic abbrev-d) a(props deliveryTarget) (topic equation-d) (topic hazard-d) (topic hi-d) (topic indexing-d) (topic markup-d) (topic mathml-d) (topic pr-d) (topic relmgmt-d) (topic sw-d) (topic svg-d) (topic ui-d) (topic ut-d) (topic markup-d xml-d) (topic task strictTaskbody-c)" class="- topic/topic task/task " xtrf="file:/C:/Users/Primo/Downloads/portfolio/portfolio/tasks/skill_2.dita" xtrc="task:1;4:20" specializations="@props/deliveryTarget" oid="skill_4" id="unique_14">
  <title class="- topic/title " xtrf="file:/C:/Users/Primo/Downloads/portfolio/portfolio/tasks/skill_2.dita" xtrc="title:1;5:10">Skill 2</title>
  <shortdesc class="- topic/shortdesc " xtrf="file:/C:/Users/Primo/Downloads/portfolio/portfolio/tasks/skill_2.dita" xtrc="shortdesc:1;6:14">This describes a bit about my skill 2.</shortdesc>
  <taskbody class="- topic/body task/taskbody " xtrf="file:/C:/Users/Primo/Downloads/portfolio/portfolio/tasks/skill_2.dita" xtrc="taskbody:1;7:13">
    <context class="- topic/section task/context " xtrf="file:/C:/Users/Primo/Downloads/portfolio/portfolio/tasks/skill_2.dita" xtrc="context:1;8:14">
      <p class="- topic/p " xtrf="file:/C:/Users/Primo/Downloads/portfolio/portfolio/tasks/skill_2.dita" xtrc="p:1;9:10">This describes a bit about my skill 2.</p>
    </context>
  </taskbody>
  <related-links class="- topic/related-links " xtrf="file:/C:/Users/Primo/Downloads/portfolio/portfolio/tasks/skill_2.dita" xtrc="related-links:1;12:18">
    <link href="#unique_13" class="- topic/link " xtrf="file:/C:/Users/Primo/Downloads/portfolio/portfolio/tasks/skill_2.dita" xtrc="link:1;13:32" type="task" ohref="tasks/skill_1.dita"><?ditaot gentext?><linktext class="- topic/linktext ">Skill 1</linktext><?ditaot genshortdesc?><desc class="- topic/desc ">This describes a bit about my skill 1.</desc></link>
    <link href="#unique_15" class="- topic/link " xtrf="file:/C:/Users/Primo/Downloads/portfolio/portfolio/tasks/skill_2.dita" xtrc="link:2;14:32" type="task" ohref="tasks/skill_3.dita"><?ditaot gentext?><linktext class="- topic/linktext ">Skill 3</linktext><?ditaot genshortdesc?><desc class="- topic/desc ">This describes a bit about my skill 3.</desc></link>
    <link href="#unique_16" class="- topic/link " xtrf="file:/C:/Users/Primo/Downloads/portfolio/portfolio/tasks/skill_2.dita" xtrc="link:3;15:32" type="task" ohref="tasks/skill_4.dita"><?ditaot gentext?><linktext class="- topic/linktext ">Skill 4</linktext><?ditaot genshortdesc?><desc class="- topic/desc ">This describes a bit about my skill 4.</desc></link>
  </related-links>
</task><task ditaarch:DITAArchVersion="1.3" domains="(topic task) (topic abbrev-d) a(props deliveryTarget) (topic equation-d) (topic hazard-d) (topic hi-d) (topic indexing-d) (topic markup-d) (topic mathml-d) (topic pr-d) (topic relmgmt-d) (topic sw-d) (topic svg-d) (topic ui-d) (topic ut-d) (topic markup-d xml-d) (topic task strictTaskbody-c)" class="- topic/topic task/task " xtrf="file:/C:/Users/Primo/Downloads/portfolio/portfolio/tasks/skill_3.dita" xtrc="task:1;4:20" specializations="@props/deliveryTarget" oid="skill_3" id="unique_15">
  <title class="- topic/title " xtrf="file:/C:/Users/Primo/Downloads/portfolio/portfolio/tasks/skill_3.dita" xtrc="title:1;5:10">Skill 3</title>
  <shortdesc class="- topic/shortdesc " xtrf="file:/C:/Users/Primo/Downloads/portfolio/portfolio/tasks/skill_3.dita" xtrc="shortdesc:1;6:14">This describes a bit about my skill 3.</shortdesc>
  <taskbody class="- topic/body task/taskbody " xtrf="file:/C:/Users/Primo/Downloads/portfolio/portfolio/tasks/skill_3.dita" xtrc="taskbody:1;7:13">
    <context class="- topic/section task/context " xtrf="file:/C:/Users/Primo/Downloads/portfolio/portfolio/tasks/skill_3.dita" xtrc="context:1;8:14">
      <p class="- topic/p " xtrf="file:/C:/Users/Primo/Downloads/portfolio/portfolio/tasks/skill_3.dita" xtrc="p:1;9:10">This describes a bit about my skill 3.</p>
    </context>
  </taskbody>
  <related-links class="- topic/related-links " xtrf="file:/C:/Users/Primo/Downloads/portfolio/portfolio/tasks/skill_3.dita" xtrc="related-links:1;12:18">
    <link href="#unique_13" class="- topic/link " xtrf="file:/C:/Users/Primo/Downloads/portfolio/portfolio/tasks/skill_3.dita" xtrc="link:1;13:32" type="task" ohref="tasks/skill_1.dita"><?ditaot gentext?><linktext class="- topic/linktext ">Skill 1</linktext><?ditaot genshortdesc?><desc class="- topic/desc ">This describes a bit about my skill 1.</desc></link>
    <link href="#unique_14" class="- topic/link " xtrf="file:/C:/Users/Primo/Downloads/portfolio/portfolio/tasks/skill_3.dita" xtrc="link:2;14:32" type="task" ohref="tasks/skill_2.dita"><?ditaot gentext?><linktext class="- topic/linktext ">Skill 2</linktext><?ditaot genshortdesc?><desc class="- topic/desc ">This describes a bit about my skill 2.</desc></link>
    <link href="#unique_16" class="- topic/link " xtrf="file:/C:/Users/Primo/Downloads/portfolio/portfolio/tasks/skill_3.dita" xtrc="link:3;15:32" type="task" ohref="tasks/skill_4.dita"><?ditaot gentext?><linktext class="- topic/linktext ">Skill 4</linktext><?ditaot genshortdesc?><desc class="- topic/desc ">This describes a bit about my skill 4.</desc></link>
  </related-links>
</task><task ditaarch:DITAArchVersion="1.3" domains="(topic task) (topic abbrev-d) a(props deliveryTarget) (topic equation-d) (topic hazard-d) (topic hi-d) (topic indexing-d) (topic markup-d) (topic mathml-d) (topic pr-d) (topic relmgmt-d) (topic sw-d) (topic svg-d) (topic ui-d) (topic ut-d) (topic markup-d xml-d) (topic task strictTaskbody-c)" class="- topic/topic task/task " xtrf="file:/C:/Users/Primo/Downloads/portfolio/portfolio/tasks/skill_4.dita" xtrc="task:1;4:20" specializations="@props/deliveryTarget" oid="skill_4" id="unique_16">
  <title class="- topic/title " xtrf="file:/C:/Users/Primo/Downloads/portfolio/portfolio/tasks/skill_4.dita" xtrc="title:1;5:10">Skill 4</title>
  <shortdesc class="- topic/shortdesc " xtrf="file:/C:/Users/Primo/Downloads/portfolio/portfolio/tasks/skill_4.dita" xtrc="shortdesc:1;6:14">This describes a bit about my skill 4.</shortdesc>
  <taskbody class="- topic/body task/taskbody " xtrf="file:/C:/Users/Primo/Downloads/portfolio/portfolio/tasks/skill_4.dita" xtrc="taskbody:1;7:13">
    <context class="- topic/section task/context " xtrf="file:/C:/Users/Primo/Downloads/portfolio/portfolio/tasks/skill_4.dita" xtrc="context:1;8:14">
      <p class="- topic/p " xtrf="file:/C:/Users/Primo/Downloads/portfolio/portfolio/tasks/skill_4.dita" xtrc="p:1;9:10">This describes a bit about my skill 4.</p>
    </context>
  </taskbody>
  <related-links class="- topic/related-links " xtrf="file:/C:/Users/Primo/Downloads/portfolio/portfolio/tasks/skill_4.dita" xtrc="related-links:1;12:18">
    <link href="#unique_13" class="- topic/link " xtrf="file:/C:/Users/Primo/Downloads/portfolio/portfolio/tasks/skill_4.dita" xtrc="link:1;13:32" type="task" ohref="tasks/skill_1.dita"><?ditaot gentext?><linktext class="- topic/linktext ">Skill 1</linktext><?ditaot genshortdesc?><desc class="- topic/desc ">This describes a bit about my skill 1.</desc></link>
    <link href="#unique_14" class="- topic/link " xtrf="file:/C:/Users/Primo/Downloads/portfolio/portfolio/tasks/skill_4.dita" xtrc="link:2;14:32" type="task" ohref="tasks/skill_2.dita"><?ditaot gentext?><linktext class="- topic/linktext ">Skill 2</linktext><?ditaot genshortdesc?><desc class="- topic/desc ">This describes a bit about my skill 2.</desc></link>
    <link href="#unique_15" class="- topic/link " xtrf="file:/C:/Users/Primo/Downloads/portfolio/portfolio/tasks/skill_4.dita" xtrc="link:3;15:32" type="task" ohref="tasks/skill_3.dita"><?ditaot gentext?><linktext class="- topic/linktext ">Skill 3</linktext><?ditaot genshortdesc?><desc class="- topic/desc ">This describes a bit about my skill 3.</desc></link>
  </related-links>
</task></topic><topic ditaarch:DITAArchVersion="1.3" domains="(topic abbrev-d) a(props deliveryTarget) (topic equation-d) (topic hazard-d) (topic hi-d) (topic indexing-d) (topic markup-d) (topic mathml-d) (topic pr-d) (topic relmgmt-d) (topic sw-d) (topic svg-d) (topic ui-d) (topic ut-d) (topic markup-d xml-d)" class="- topic/topic " xtrf="file:/C:/Users/Primo/Downloads/portfolio/portfolio/topics/references.dita" xtrc="topic:1;4:24" specializations="@props/deliveryTarget" oid="references" id="unique_17">
  <title class="- topic/title " xtrf="file:/C:/Users/Primo/Downloads/portfolio/portfolio/topics/references.dita" xtrc="title:1;5:10">References</title>
  <shortdesc class="- topic/shortdesc " xtrf="file:/C:/Users/Primo/Downloads/portfolio/portfolio/topics/references.dita" xtrc="shortdesc:1;6:14">This introduces my references.</shortdesc>
  <prolog class="- topic/prolog " xtrf="file:/C:/Users/Primo/Downloads/portfolio/portfolio/topics/references.dita" xtrc="prolog:1;7:11">
    <metadata class="- topic/metadata " xtrf="file:/C:/Users/Primo/Downloads/portfolio/portfolio/topics/references.dita" xtrc="metadata:1;8:15">
      <keywords class="- topic/keywords " xtrf="file:/C:/Users/Primo/Downloads/portfolio/portfolio/topics/references.dita" xtrc="keywords:1;9:17">
        <indexterm class="- topic/indexterm " xtrf="file:/C:/Users/Primo/Downloads/portfolio/portfolio/topics/references.dita" xtrc="indexterm:1;10:20">reference</indexterm>
      </keywords>
    </metadata>
  </prolog>
  <body class="- topic/body " xtrf="file:/C:/Users/Primo/Downloads/portfolio/portfolio/topics/references.dita" xtrc="body:1;14:9">
    <p class="- topic/p " xtrf="file:/C:/Users/Primo/Downloads/portfolio/portfolio/topics/references.dita" xtrc="p:1;15:8">This introduces my references a bit more fully.</p>
  </body>
<task ditaarch:DITAArchVersion="1.3" domains="(topic task) (topic abbrev-d) a(props deliveryTarget) (topic equation-d) (topic hazard-d) (topic hi-d) (topic indexing-d) (topic markup-d) (topic mathml-d) (topic pr-d) (topic relmgmt-d) (topic sw-d) (topic svg-d) (topic ui-d) (topic ut-d) (topic markup-d xml-d) (topic task strictTaskbody-c)" class="- topic/topic task/task " xtrf="file:/C:/Users/Primo/Downloads/portfolio/portfolio/tasks/reference_1.dita" xtrc="task:1;4:24" specializations="@props/deliveryTarget" oid="reference_1" id="unique_18">
  <title class="- topic/title " xtrf="file:/C:/Users/Primo/Downloads/portfolio/portfolio/tasks/reference_1.dita" xtrc="title:1;5:10">Reference 1</title>
  <shortdesc class="- topic/shortdesc " xtrf="file:/C:/Users/Primo/Downloads/portfolio/portfolio/tasks/reference_1.dita" xtrc="shortdesc:1;6:14">This describes a bit about the person who will serve as my reference 1.</shortdesc>
  <taskbody class="- topic/body task/taskbody " xtrf="file:/C:/Users/Primo/Downloads/portfolio/portfolio/tasks/reference_1.dita" xtrc="taskbody:1;7:13">
    <context class="- topic/section task/context " xtrf="file:/C:/Users/Primo/Downloads/portfolio/portfolio/tasks/reference_1.dita" xtrc="context:1;8:14">
      <p class="- topic/p " xtrf="file:/C:/Users/Primo/Downloads/portfolio/portfolio/tasks/reference_1.dita" xtrc="p:1;9:10">This is the full contact information for the person who will serve as my reference 1.</p>
    </context>
  </taskbody>
  <related-links class="- topic/related-links " xtrf="file:/C:/Users/Primo/Downloads/portfolio/portfolio/tasks/reference_1.dita" xtrc="related-links:1;12:18">
    <link href="#unique_19" class="- topic/link " xtrf="file:/C:/Users/Primo/Downloads/portfolio/portfolio/tasks/reference_1.dita" xtrc="link:1;13:36" type="task" ohref="tasks/reference_2.dita"><?ditaot gentext?><linktext class="- topic/linktext ">Reference 2</linktext><?ditaot genshortdesc?><desc class="- topic/desc ">This describes a bit about the person who will serve as my reference 2.</desc></link>
    <link href="#unique_20" class="- topic/link " xtrf="file:/C:/Users/Primo/Downloads/portfolio/portfolio/tasks/reference_1.dita" xtrc="link:2;14:36" type="task" ohref="tasks/reference_3.dita"><?ditaot gentext?><linktext class="- topic/linktext ">Reference 3</linktext><?ditaot genshortdesc?><desc class="- topic/desc ">This describes a bit about the person who will serve as my reference 3.</desc></link>
  </related-links>
</task><task ditaarch:DITAArchVersion="1.3" domains="(topic task) (topic abbrev-d) a(props deliveryTarget) (topic equation-d) (topic hazard-d) (topic hi-d) (topic indexing-d) (topic markup-d) (topic mathml-d) (topic pr-d) (topic relmgmt-d) (topic sw-d) (topic svg-d) (topic ui-d) (topic ut-d) (topic markup-d xml-d) (topic task strictTaskbody-c)" class="- topic/topic task/task " xtrf="file:/C:/Users/Primo/Downloads/portfolio/portfolio/tasks/reference_2.dita" xtrc="task:1;4:24" specializations="@props/deliveryTarget" oid="reference_2" id="unique_19">
  <title class="- topic/title " xtrf="file:/C:/Users/Primo/Downloads/portfolio/portfolio/tasks/reference_2.dita" xtrc="title:1;5:10">Reference 2</title>
  <shortdesc class="- topic/shortdesc " xtrf="file:/C:/Users/Primo/Downloads/portfolio/portfolio/tasks/reference_2.dita" xtrc="shortdesc:1;6:14">This describes a bit about the person who will serve as my reference 2.</shortdesc>
  <taskbody class="- topic/body task/taskbody " xtrf="file:/C:/Users/Primo/Downloads/portfolio/portfolio/tasks/reference_2.dita" xtrc="taskbody:1;7:13">
    <context class="- topic/section task/context " xtrf="file:/C:/Users/Primo/Downloads/portfolio/portfolio/tasks/reference_2.dita" xtrc="context:1;8:14">
      <p class="- topic/p " xtrf="file:/C:/Users/Primo/Downloads/portfolio/portfolio/tasks/reference_2.dita" xtrc="p:1;9:10">This is the full contact information for the person who will serve as my reference 2.</p>
    </context>
  </taskbody>
  <related-links class="- topic/related-links " xtrf="file:/C:/Users/Primo/Downloads/portfolio/portfolio/tasks/reference_2.dita" xtrc="related-links:1;12:18">
    <link href="#unique_18" class="- topic/link " xtrf="file:/C:/Users/Primo/Downloads/portfolio/portfolio/tasks/reference_2.dita" xtrc="link:1;13:36" type="task" ohref="tasks/reference_1.dita"><?ditaot gentext?><linktext class="- topic/linktext ">Reference 1</linktext><?ditaot genshortdesc?><desc class="- topic/desc ">This describes a bit about the person who will serve as my reference 1.</desc></link>
    <link href="#unique_20" class="- topic/link " xtrf="file:/C:/Users/Primo/Downloads/portfolio/portfolio/tasks/reference_2.dita" xtrc="link:2;14:36" type="task" ohref="tasks/reference_3.dita"><?ditaot gentext?><linktext class="- topic/linktext ">Reference 3</linktext><?ditaot genshortdesc?><desc class="- topic/desc ">This describes a bit about the person who will serve as my reference 3.</desc></link>
  </related-links>
</task><task ditaarch:DITAArchVersion="1.3" domains="(topic task) (topic abbrev-d) a(props deliveryTarget) (topic equation-d) (topic hazard-d) (topic hi-d) (topic indexing-d) (topic markup-d) (topic mathml-d) (topic pr-d) (topic relmgmt-d) (topic sw-d) (topic svg-d) (topic ui-d) (topic ut-d) (topic markup-d xml-d) (topic task strictTaskbody-c)" class="- topic/topic task/task " xtrf="file:/C:/Users/Primo/Downloads/portfolio/portfolio/tasks/reference_3.dita" xtrc="task:1;4:24" specializations="@props/deliveryTarget" oid="reference_3" id="unique_20">
  <title class="- topic/title " xtrf="file:/C:/Users/Primo/Downloads/portfolio/portfolio/tasks/reference_3.dita" xtrc="title:1;5:10">Reference 3</title>
  <shortdesc class="- topic/shortdesc " xtrf="file:/C:/Users/Primo/Downloads/portfolio/portfolio/tasks/reference_3.dita" xtrc="shortdesc:1;6:14">This describes a bit about the person who will serve as my reference 3.</shortdesc>
  <taskbody class="- topic/body task/taskbody " xtrf="file:/C:/Users/Primo/Downloads/portfolio/portfolio/tasks/reference_3.dita" xtrc="taskbody:1;7:13">
    <context class="- topic/section task/context " xtrf="file:/C:/Users/Primo/Downloads/portfolio/portfolio/tasks/reference_3.dita" xtrc="context:1;8:14">
      <p class="- topic/p " xtrf="file:/C:/Users/Primo/Downloads/portfolio/portfolio/tasks/reference_3.dita" xtrc="p:1;9:10">This is the full contact information for the person who will serve as my reference 3.</p>
    </context>
  </taskbody>
  <related-links class="- topic/related-links " xtrf="file:/C:/Users/Primo/Downloads/portfolio/portfolio/tasks/reference_3.dita" xtrc="related-links:1;12:18">
    <link href="#unique_18" class="- topic/link " xtrf="file:/C:/Users/Primo/Downloads/portfolio/portfolio/tasks/reference_3.dita" xtrc="link:1;13:36" type="task" ohref="tasks/reference_1.dita"><?ditaot gentext?><linktext class="- topic/linktext ">Reference 1</linktext><?ditaot genshortdesc?><desc class="- topic/desc ">This describes a bit about the person who will serve as my reference 1.</desc></link>
    <link href="#unique_19" class="- topic/link " xtrf="file:/C:/Users/Primo/Downloads/portfolio/portfolio/tasks/reference_3.dita" xtrc="link:2;14:36" type="task" ohref="tasks/reference_2.dita"><?ditaot gentext?><linktext class="- topic/linktext ">Reference 2</linktext><?ditaot genshortdesc?><desc class="- topic/desc ">This describes a bit about the person who will serve as my reference 2.</desc></link>
  </related-links>
</task></topic></map>