<?xml version="1.0" encoding="UTF-8" standalone="yes"?><map xmlns:ditaarch="http://dita.oasis-open.org/architecture/2005/" xmlns:dita-ot="http://dita-ot.sourceforge.net/ns/201007/dita-ot" xmlns:opentopic-index="http://www.idiominc.com/opentopic/index" cascade="merge" class="- map/map " ditaarch:DITAArchVersion="1.3" domains="(map mapgroup-d) (topic abbrev-d) (topic delay-d) a(props deliveryTarget) (map ditavalref-d) (map glossref-d) (topic hazard-d) (topic hi-d) (topic indexing-d) (topic markup-d) (topic pr-d) (topic relmgmt-d) (topic sw-d) (topic ui-d) (topic ut-d) (topic markup-d xml-d)" specializations="@props/deliveryTarget" xtrc="map:1;3:6" xtrf="file:/C:/Users/Primo/Downloads/portfolio/portfolio/portfolio_a.ditamap"><opentopic:map xmlns:opentopic="http://www.idiominc.com/opentopic" xmlns:ot-placeholder="http://suite-sol.com/namespaces/ot-placeholder">
 <title class="- topic/title " xtrc="title:1;4:9" xtrf="file:/C:/Users/Primo/Downloads/portfolio/portfolio/portfolio_a.ditamap">Portfolio: Jason Guderjahn</title>
  <topicmeta class="- map/topicmeta " xtrc="topicmeta:1;5:14" xtrf="file:/C:/Users/Primo/Downloads/portfolio/portfolio/portfolio_a.ditamap">
   <keywords class="- topic/keywords " xtrc="keywords:1;6:14" xtrf="file:/C:/Users/Primo/Downloads/portfolio/portfolio/portfolio_a.ditamap">
    <keyword class="- topic/keyword " xtrc="keyword:1;7:14" xtrf="file:/C:/Users/Primo/Downloads/portfolio/portfolio/portfolio_a.ditamap">portfolio</keyword>
   </keywords>
  </topicmeta>
 <topicref class="- map/topicref " first_topic_id="#unique_1" href="#unique_1" id="unique_1" ohref="topics/about_me.dita" type="topic" xtrc="topicref:1;10:40" xtrf="file:/C:/Users/Primo/Downloads/portfolio/portfolio/portfolio_a.ditamap"><topicmeta class="- map/topicmeta " data-topic-id="education"><resourceid appid="education" class="- topic/resourceid " oxy-source="topic"/><navtitle class="- topic/navtitle ">About Me</navtitle><?ditaot gentext?><linktext class="- map/linktext ">About Me</linktext><?ditaot genshortdesc?><shortdesc class="- map/shortdesc ">This section describes me, briefly.</shortdesc></topicmeta><topicref class="- map/topicref " first_topic_id="#unique_2" href="#unique_2" id="unique_2" ohref="tasks/my_work_life_a.dita" type="task" xtrc="topicref:2;11:47" xtrf="file:/C:/Users/Primo/Downloads/portfolio/portfolio/portfolio_a.ditamap"><topicmeta class="- map/topicmeta " data-topic-id="my_work_life"><resourceid appid="my_work_life" class="- topic/resourceid " oxy-source="topic"/><navtitle class="- topic/navtitle ">My Work Life</navtitle><?ditaot gentext?><linktext class="- map/linktext ">My Work Life</linktext><?ditaot genshortdesc?><shortdesc class="- map/shortdesc ">This describes a bit about my work life.</shortdesc></topicmeta></topicref><topicref class="- map/topicref " first_topic_id="#unique_4" href="#unique_4" id="unique_4" ohref="tasks/my_home_life_a.dita" type="task" xtrc="topicref:3;12:47" xtrf="file:/C:/Users/Primo/Downloads/portfolio/portfolio/portfolio_a.ditamap"><topicmeta class="- map/topicmeta " data-topic-id="my_home_life"><resourceid appid="my_home_life" class="- topic/resourceid " oxy-source="topic"/><navtitle class="- topic/navtitle ">My Home Life</navtitle><?ditaot gentext?><linktext class="- map/linktext ">My Home Life</linktext><?ditaot genshortdesc?><shortdesc class="- map/shortdesc ">This describes a bit about my personal life.</shortdesc></topicmeta></topicref></topicref>
 <topicref class="- map/topicref " first_topic_id="#unique_6" href="#unique_6" id="unique_6" ohref="topics/education.dita" type="topic" xtrc="topicref:4;14:41" xtrf="file:/C:/Users/Primo/Downloads/portfolio/portfolio/portfolio_a.ditamap"><topicmeta class="- map/topicmeta " data-topic-id="education"><resourceid appid="education" class="- topic/resourceid " oxy-source="topic"/><navtitle class="- topic/navtitle ">Education</navtitle><?ditaot gentext?><linktext class="- map/linktext ">Education</linktext><?ditaot genshortdesc?><shortdesc class="- map/shortdesc ">This introduces my educational background.</shortdesc></topicmeta><topicref class="- map/topicref " first_topic_id="#unique_7" href="#unique_7" id="unique_7" ohref="tasks/school_2.dita" type="task" xtrc="topicref:5;15:41" xtrf="file:/C:/Users/Primo/Downloads/portfolio/portfolio/portfolio_a.ditamap"><topicmeta class="- map/topicmeta " data-topic-id="school_2"><resourceid appid="school_2" class="- topic/resourceid " oxy-source="topic"/><navtitle class="- topic/navtitle ">School 2</navtitle><?ditaot gentext?><linktext class="- map/linktext ">School 2</linktext><?ditaot genshortdesc?><shortdesc class="- map/shortdesc ">This describes a bit about my educational experience at school 2.</shortdesc></topicmeta></topicref><topicref class="- map/topicref " first_topic_id="#unique_8" href="#unique_8" id="unique_8" ohref="tasks/school_1.dita" type="task" xtrc="topicref:6;16:41" xtrf="file:/C:/Users/Primo/Downloads/portfolio/portfolio/portfolio_a.ditamap"><topicmeta class="- map/topicmeta " data-topic-id="school_1"><resourceid appid="school_1" class="- topic/resourceid " oxy-source="topic"/><navtitle class="- topic/navtitle ">School 1</navtitle><?ditaot gentext?><linktext class="- map/linktext ">School 1</linktext><?ditaot genshortdesc?><shortdesc class="- map/shortdesc ">This describes a bit about my educational experience at school 1.</shortdesc></topicmeta></topicref></topicref>
 <topicref class="- map/topicref " first_topic_id="#unique_9" href="#unique_9" id="unique_9" ohref="topics/work_experience.dita" type="topic" xtrc="topicref:7;18:47" xtrf="file:/C:/Users/Primo/Downloads/portfolio/portfolio/portfolio_a.ditamap"><topicmeta class="- map/topicmeta " data-topic-id="work_experience"><resourceid appid="work_experience" class="- topic/resourceid " oxy-source="topic"/><navtitle class="- topic/navtitle ">Work Experience</navtitle><?ditaot gentext?><linktext class="- map/linktext ">Work Experience</linktext><?ditaot genshortdesc?><shortdesc class="- map/shortdesc ">This describes a bit about my work experience.</shortdesc></topicmeta><topicref class="- map/topicref " first_topic_id="#unique_10" href="#unique_10" id="unique_10" ohref="tasks/work_2.dita" type="task" xtrc="topicref:8;19:39" xtrf="file:/C:/Users/Primo/Downloads/portfolio/portfolio/portfolio_a.ditamap"><topicmeta class="- map/topicmeta " data-topic-id="work_2"><resourceid appid="work_2" class="- topic/resourceid " oxy-source="topic"/><navtitle class="- topic/navtitle ">Work Experience 2</navtitle><?ditaot gentext?><linktext class="- map/linktext ">Work Experience 2</linktext><?ditaot genshortdesc?><shortdesc class="- map/shortdesc ">This describes a bit about my work experience 2.</shortdesc></topicmeta></topicref><topicref class="- map/topicref " first_topic_id="#unique_11" href="#unique_11" id="unique_11" ohref="tasks/work_1.dita" type="task" xtrc="topicref:9;20:39" xtrf="file:/C:/Users/Primo/Downloads/portfolio/portfolio/portfolio_a.ditamap"><topicmeta class="- map/topicmeta " data-topic-id="work_1"><resourceid appid="work_1" class="- topic/resourceid " oxy-source="topic"/><navtitle class="- topic/navtitle ">Work Experience 1</navtitle><?ditaot gentext?><linktext class="- map/linktext ">Work Experience 1</linktext><?ditaot genshortdesc?><shortdesc class="- map/shortdesc ">This describes a bit about my work experience 1.</shortdesc></topicmeta></topicref></topicref>
 <topicref class="- map/topicref " first_topic_id="#unique_12" href="#unique_12" id="unique_12" ohref="topics/skills.dita" type="topic" xtrc="topicref:10;22:38" xtrf="file:/C:/Users/Primo/Downloads/portfolio/portfolio/portfolio_a.ditamap"><topicmeta class="- map/topicmeta " data-topic-id="skills"><resourceid appid="skills" class="- topic/resourceid " oxy-source="topic"/><navtitle class="- topic/navtitle ">Skills</navtitle><?ditaot gentext?><linktext class="- map/linktext ">Skills</linktext><?ditaot genshortdesc?><shortdesc class="- map/shortdesc ">This describes a bit about my relevant skills.</shortdesc></topicmeta><topicref class="- map/topicref " first_topic_id="#unique_13" href="#unique_13" id="unique_13" ohref="tasks/skill_1.dita" type="task" xtrc="topicref:11;23:40" xtrf="file:/C:/Users/Primo/Downloads/portfolio/portfolio/portfolio_a.ditamap"><topicmeta class="- map/topicmeta " data-topic-id="skill_1"><resourceid appid="skill_1" class="- topic/resourceid " oxy-source="topic"/><navtitle class="- topic/navtitle ">Skill 1</navtitle><?ditaot gentext?><linktext class="- map/linktext ">Skill 1</linktext><?ditaot genshortdesc?><shortdesc class="- map/shortdesc ">This describes a bit about my skill 1.</shortdesc></topicmeta></topicref><topicref class="- map/topicref " first_topic_id="#unique_14" href="#unique_14" id="unique_14" ohref="tasks/skill_2.dita" type="task" xtrc="topicref:12;24:40" xtrf="file:/C:/Users/Primo/Downloads/portfolio/portfolio/portfolio_a.ditamap"><topicmeta class="- map/topicmeta " data-topic-id="skill_4"><resourceid appid="skill_4" class="- topic/resourceid " oxy-source="topic"/><navtitle class="- topic/navtitle ">Skill 2</navtitle><?ditaot gentext?><linktext class="- map/linktext ">Skill 2</linktext><?ditaot genshortdesc?><shortdesc class="- map/shortdesc ">This describes a bit about my skill 2.</shortdesc></topicmeta></topicref><topicref class="- map/topicref " first_topic_id="#unique_15" href="#unique_15" id="unique_15" ohref="tasks/skill_3.dita" type="task" xtrc="topicref:13;25:40" xtrf="file:/C:/Users/Primo/Downloads/portfolio/portfolio/portfolio_a.ditamap"><topicmeta class="- map/topicmeta " data-topic-id="skill_3"><resourceid appid="skill_3" class="- topic/resourceid " oxy-source="topic"/><navtitle class="- topic/navtitle ">Skill 3</navtitle><?ditaot gentext?><linktext class="- map/linktext ">Skill 3</linktext><?ditaot genshortdesc?><shortdesc class="- map/shortdesc ">This describes a bit about my skill 3.</shortdesc></topicmeta></topicref><topicref class="- map/topicref " first_topic_id="#unique_16" href="#unique_16" id="unique_16" ohref="tasks/skill_4.dita" type="task" xtrc="topicref:14;26:40" xtrf="file:/C:/Users/Primo/Downloads/portfolio/portfolio/portfolio_a.ditamap"><topicmeta class="- map/topicmeta " data-topic-id="skill_4"><resourceid appid="skill_4" class="- topic/resourceid " oxy-source="topic"/><navtitle class="- topic/navtitle ">Skill 4</navtitle><?ditaot gentext?><linktext class="- map/linktext ">Skill 4</linktext><?ditaot genshortdesc?><shortdesc class="- map/shortdesc ">This describes a bit about my skill 4.</shortdesc></topicmeta></topicref></topicref>
 <topicref class="- map/topicref " first_topic_id="#unique_17" href="#unique_17" id="unique_17" ohref="topics/references.dita" type="topic" xtrc="topicref:15;28:42" xtrf="file:/C:/Users/Primo/Downloads/portfolio/portfolio/portfolio_a.ditamap"><topicmeta class="- map/topicmeta " data-topic-id="references"><resourceid appid="references" class="- topic/resourceid " oxy-source="topic"/><navtitle class="- topic/navtitle ">References</navtitle><?ditaot gentext?><linktext class="- map/linktext ">References</linktext><?ditaot genshortdesc?><shortdesc class="- map/shortdesc ">This introduces my references.</shortdesc></topicmeta><topicref class="- map/topicref " first_topic_id="#unique_18" href="#unique_18" id="unique_18" ohref="tasks/reference_1.dita" type="task" xtrc="topicref:16;29:44" xtrf="file:/C:/Users/Primo/Downloads/portfolio/portfolio/portfolio_a.ditamap"><topicmeta class="- map/topicmeta " data-topic-id="reference_1"><resourceid appid="reference_1" class="- topic/resourceid " oxy-source="topic"/><navtitle class="- topic/navtitle ">Reference 1</navtitle><?ditaot gentext?><linktext class="- map/linktext ">Reference 1</linktext><?ditaot genshortdesc?><shortdesc class="- map/shortdesc ">This describes a bit about the person who will serve as my reference 1.</shortdesc></topicmeta></topicref><topicref class="- map/topicref " first_topic_id="#unique_19" href="#unique_19" id="unique_19" ohref="tasks/reference_2.dita" type="task" xtrc="topicref:17;30:44" xtrf="file:/C:/Users/Primo/Downloads/portfolio/portfolio/portfolio_a.ditamap"><topicmeta class="- map/topicmeta " data-topic-id="reference_2"><resourceid appid="reference_2" class="- topic/resourceid " oxy-source="topic"/><navtitle class="- topic/navtitle ">Reference 2</navtitle><?ditaot gentext?><linktext class="- map/linktext ">Reference 2</linktext><?ditaot genshortdesc?><shortdesc class="- map/shortdesc ">This describes a bit about the person who will serve as my reference 2.</shortdesc></topicmeta></topicref><topicref class="- map/topicref " first_topic_id="#unique_20" href="#unique_20" id="unique_20" ohref="tasks/reference_3.dita" type="task" xtrc="topicref:18;31:44" xtrf="file:/C:/Users/Primo/Downloads/portfolio/portfolio/portfolio_a.ditamap"><topicmeta class="- map/topicmeta " data-topic-id="reference_3"><resourceid appid="reference_3" class="- topic/resourceid " oxy-source="topic"/><navtitle class="- topic/navtitle ">Reference 3</navtitle><?ditaot gentext?><linktext class="- map/linktext ">Reference 3</linktext><?ditaot genshortdesc?><shortdesc class="- map/shortdesc ">This describes a bit about the person who will serve as my reference 3.</shortdesc></topicmeta></topicref></topicref>
</opentopic:map><topic class="- topic/topic " ditaarch:DITAArchVersion="1.3" domains="(topic abbrev-d) a(props deliveryTarget) (topic equation-d) (topic hazard-d) (topic hi-d) (topic indexing-d) (topic markup-d) (topic mathml-d) (topic pr-d) (topic relmgmt-d) (topic sw-d) (topic svg-d) (topic ui-d) (topic ut-d) (topic markup-d xml-d)" id="unique_1" oid="education" specializations="@props/deliveryTarget" xtrc="topic:1;4:23" xtrf="file:/C:/Users/Primo/Downloads/portfolio/portfolio/topics/about_me.dita">
  <title class="- topic/title " xtrc="title:1;5:10" xtrf="file:/C:/Users/Primo/Downloads/portfolio/portfolio/topics/about_me.dita">About Me</title>
  <shortdesc class="- topic/shortdesc " xtrc="shortdesc:1;6:14" xtrf="file:/C:/Users/Primo/Downloads/portfolio/portfolio/topics/about_me.dita">This section describes me, briefly.</shortdesc>
  <prolog class="- topic/prolog " xtrc="prolog:1;7:11" xtrf="file:/C:/Users/Primo/Downloads/portfolio/portfolio/topics/about_me.dita">
    <metadata class="- topic/metadata " xtrc="metadata:1;8:15" xtrf="file:/C:/Users/Primo/Downloads/portfolio/portfolio/topics/about_me.dita">
      <keywords class="- topic/keywords " xtrc="keywords:1;9:17" xtrf="file:/C:/Users/Primo/Downloads/portfolio/portfolio/topics/about_me.dita">
        <opentopic-index:index.entry value="about"><opentopic-index:formatted-value>about</opentopic-index:formatted-value><opentopic-index:refID indexid="indexid-1424011699" value="about:"/></opentopic-index:index.entry>
      </keywords>
    </metadata>
  </prolog>
  <body class="- topic/body " xtrc="body:1;14:9" xtrf="file:/C:/Users/Primo/Downloads/portfolio/portfolio/topics/about_me.dita">
    <p class="- topic/p " xtrc="p:1;15:8" xtrf="file:/C:/Users/Primo/Downloads/portfolio/portfolio/topics/about_me.dita">This section describes me, less briefly.</p>
  </body>
<task class="- topic/topic task/task " ditaarch:DITAArchVersion="1.3" domains="(topic task) (topic abbrev-d) a(props deliveryTarget) (topic equation-d) (topic hazard-d) (topic hi-d) (topic indexing-d) (topic markup-d) (topic mathml-d) (topic pr-d) (topic relmgmt-d) (topic sw-d) (topic svg-d) (topic ui-d) (topic ut-d) (topic markup-d xml-d) (topic task strictTaskbody-c)" id="unique_2" oid="my_work_life" specializations="@props/deliveryTarget" xtrc="task:1;4:25" xtrf="file:/C:/Users/Primo/Downloads/portfolio/portfolio/tasks/my_work_life_a.dita">
  <title class="- topic/title " xtrc="title:1;5:10" xtrf="file:/C:/Users/Primo/Downloads/portfolio/portfolio/tasks/my_work_life_a.dita">My Work Life</title>
  <shortdesc class="- topic/shortdesc " xtrc="shortdesc:1;6:14" xtrf="file:/C:/Users/Primo/Downloads/portfolio/portfolio/tasks/my_work_life_a.dita">This describes a bit about my work life.</shortdesc>
  <taskbody class="- topic/body task/taskbody " xtrc="taskbody:1;7:13" xtrf="file:/C:/Users/Primo/Downloads/portfolio/portfolio/tasks/my_work_life_a.dita">
    <context class="- topic/section task/context " xtrc="context:1;8:14" xtrf="file:/C:/Users/Primo/Downloads/portfolio/portfolio/tasks/my_work_life_a.dita">
      <p class="- topic/p " xtrc="p:1;9:10" xtrf="file:/C:/Users/Primo/Downloads/portfolio/portfolio/tasks/my_work_life_a.dita">This describes a bit about my work life.</p>
    </context>
  </taskbody>
  <related-links class="- topic/related-links " xtrc="related-links:1;12:18" xtrf="file:/C:/Users/Primo/Downloads/portfolio/portfolio/tasks/my_work_life_a.dita">
    <link class="- topic/link " href="#unique_3" ohref="tasks/my_home_life.dita" xtrc="link:1;13:37" xtrf="file:/C:/Users/Primo/Downloads/portfolio/portfolio/tasks/my_work_life_a.dita"/>
  </related-links>
</task><task class="- topic/topic task/task " ditaarch:DITAArchVersion="1.3" domains="(topic task) (topic abbrev-d) a(props deliveryTarget) (topic equation-d) (topic hazard-d) (topic hi-d) (topic indexing-d) (topic markup-d) (topic mathml-d) (topic pr-d) (topic relmgmt-d) (topic sw-d) (topic svg-d) (topic ui-d) (topic ut-d) (topic markup-d xml-d) (topic task strictTaskbody-c)" id="unique_4" oid="my_home_life" specializations="@props/deliveryTarget" xtrc="task:1;4:25" xtrf="file:/C:/Users/Primo/Downloads/portfolio/portfolio/tasks/my_home_life_a.dita">
  <title class="- topic/title " xtrc="title:1;5:10" xtrf="file:/C:/Users/Primo/Downloads/portfolio/portfolio/tasks/my_home_life_a.dita">My Home Life</title>
  <shortdesc class="- topic/shortdesc " xtrc="shortdesc:1;6:14" xtrf="file:/C:/Users/Primo/Downloads/portfolio/portfolio/tasks/my_home_life_a.dita">This describes a bit about my personal life.</shortdesc>
  <taskbody class="- topic/body task/taskbody " xtrc="taskbody:1;7:13" xtrf="file:/C:/Users/Primo/Downloads/portfolio/portfolio/tasks/my_home_life_a.dita">
    <context class="- topic/section task/context " xtrc="context:1;8:14" xtrf="file:/C:/Users/Primo/Downloads/portfolio/portfolio/tasks/my_home_life_a.dita">
      <p class="- topic/p " xtrc="p:1;9:10" xtrf="file:/C:/Users/Primo/Downloads/portfolio/portfolio/tasks/my_home_life_a.dita">This describes a bit about my personal life. Where I grew up, a little about how my past has led me to become who I am today.</p>
    </context>
  </taskbody>
  <related-links class="- topic/related-links " xtrc="related-links:1;12:18" xtrf="file:/C:/Users/Primo/Downloads/portfolio/portfolio/tasks/my_home_life_a.dita">
    <link class="- topic/link " href="#unique_5" ohref="tasks/my_work_life.dita" xtrc="link:1;13:37" xtrf="file:/C:/Users/Primo/Downloads/portfolio/portfolio/tasks/my_home_life_a.dita"/>
  </related-links>
</task></topic><topic class="- topic/topic " ditaarch:DITAArchVersion="1.3" domains="(topic abbrev-d) a(props deliveryTarget) (topic equation-d) (topic hazard-d) (topic hi-d) (topic indexing-d) (topic markup-d) (topic mathml-d) (topic pr-d) (topic relmgmt-d) (topic sw-d) (topic svg-d) (topic ui-d) (topic ut-d) (topic markup-d xml-d)" id="unique_6" oid="education" specializations="@props/deliveryTarget" xtrc="topic:1;4:23" xtrf="file:/C:/Users/Primo/Downloads/portfolio/portfolio/topics/education.dita">
  <title class="- topic/title " xtrc="title:1;5:10" xtrf="file:/C:/Users/Primo/Downloads/portfolio/portfolio/topics/education.dita">Education</title>
  <shortdesc class="- topic/shortdesc " xtrc="shortdesc:1;6:14" xtrf="file:/C:/Users/Primo/Downloads/portfolio/portfolio/topics/education.dita">This introduces my educational background.</shortdesc>
  <prolog class="- topic/prolog " xtrc="prolog:1;7:11" xtrf="file:/C:/Users/Primo/Downloads/portfolio/portfolio/topics/education.dita">
    <metadata class="- topic/metadata " xtrc="metadata:1;8:15" xtrf="file:/C:/Users/Primo/Downloads/portfolio/portfolio/topics/education.dita">
      <keywords class="- topic/keywords " xtrc="keywords:1;9:17" xtrf="file:/C:/Users/Primo/Downloads/portfolio/portfolio/topics/education.dita">
        <opentopic-index:index.entry value="education"><opentopic-index:formatted-value>education</opentopic-index:formatted-value><opentopic-index:refID indexid="indexid-423522926" value="education:"/></opentopic-index:index.entry>
      </keywords>
    </metadata>
  </prolog>
  <body class="- topic/body " xtrc="body:1;14:9" xtrf="file:/C:/Users/Primo/Downloads/portfolio/portfolio/topics/education.dita">
    <p class="- topic/p " xtrc="p:1;15:8" xtrf="file:/C:/Users/Primo/Downloads/portfolio/portfolio/topics/education.dita">This introduces my educational background. This section is a little fuller, describing the schools in more depth.</p>
  </body>
<task class="- topic/topic task/task " ditaarch:DITAArchVersion="1.3" domains="(topic task) (topic abbrev-d) a(props deliveryTarget) (topic equation-d) (topic hazard-d) (topic hi-d) (topic indexing-d) (topic markup-d) (topic mathml-d) (topic pr-d) (topic relmgmt-d) (topic sw-d) (topic svg-d) (topic ui-d) (topic ut-d) (topic markup-d xml-d) (topic task strictTaskbody-c)" id="unique_7" oid="school_2" specializations="@props/deliveryTarget" xtrc="task:1;4:21" xtrf="file:/C:/Users/Primo/Downloads/portfolio/portfolio/tasks/school_2.dita">
  <title class="- topic/title " xtrc="title:1;5:10" xtrf="file:/C:/Users/Primo/Downloads/portfolio/portfolio/tasks/school_2.dita">School 2</title>
  <shortdesc class="- topic/shortdesc " xtrc="shortdesc:1;6:14" xtrf="file:/C:/Users/Primo/Downloads/portfolio/portfolio/tasks/school_2.dita">This describes a bit about my educational experience at school 2.</shortdesc>
  <taskbody class="- topic/body task/taskbody " xtrc="taskbody:1;7:13" xtrf="file:/C:/Users/Primo/Downloads/portfolio/portfolio/tasks/school_2.dita">
    <context class="- topic/section task/context " xtrc="context:1;8:14" xtrf="file:/C:/Users/Primo/Downloads/portfolio/portfolio/tasks/school_2.dita">
      <p class="- topic/p " xtrc="p:1;9:10" xtrf="file:/C:/Users/Primo/Downloads/portfolio/portfolio/tasks/school_2.dita">This describes a bit about my educational experience at school 2.</p>
    </context>
  </taskbody>
  <related-links class="- topic/related-links " xtrc="related-links:1;12:18" xtrf="file:/C:/Users/Primo/Downloads/portfolio/portfolio/tasks/school_2.dita">
    <link class="- topic/link " href="#unique_8" ohref="tasks/school_1.dita" type="task" xtrc="link:1;13:33" xtrf="file:/C:/Users/Primo/Downloads/portfolio/portfolio/tasks/school_2.dita"><?ditaot gentext?><linktext class="- topic/linktext ">School 1</linktext><?ditaot genshortdesc?><desc class="- topic/desc ">This describes a bit about my educational experience at school 1.</desc></link>
  </related-links>
</task><task class="- topic/topic task/task " ditaarch:DITAArchVersion="1.3" domains="(topic task) (topic abbrev-d) a(props deliveryTarget) (topic equation-d) (topic hazard-d) (topic hi-d) (topic indexing-d) (topic markup-d) (topic mathml-d) (topic pr-d) (topic relmgmt-d) (topic sw-d) (topic svg-d) (topic ui-d) (topic ut-d) (topic markup-d xml-d) (topic task strictTaskbody-c)" id="unique_8" oid="school_1" specializations="@props/deliveryTarget" xtrc="task:1;4:21" xtrf="file:/C:/Users/Primo/Downloads/portfolio/portfolio/tasks/school_1.dita">
  <title class="- topic/title " xtrc="title:1;5:10" xtrf="file:/C:/Users/Primo/Downloads/portfolio/portfolio/tasks/school_1.dita">School 1</title>
  <shortdesc class="- topic/shortdesc " xtrc="shortdesc:1;6:14" xtrf="file:/C:/Users/Primo/Downloads/portfolio/portfolio/tasks/school_1.dita">This describes a bit about my educational experience at school 1.</shortdesc>
  <taskbody class="- topic/body task/taskbody " xtrc="taskbody:1;7:13" xtrf="file:/C:/Users/Primo/Downloads/portfolio/portfolio/tasks/school_1.dita">
    <context class="- topic/section task/context " xtrc="context:1;8:14" xtrf="file:/C:/Users/Primo/Downloads/portfolio/portfolio/tasks/school_1.dita">
      <p class="- topic/p " xtrc="p:1;9:10" xtrf="file:/C:/Users/Primo/Downloads/portfolio/portfolio/tasks/school_1.dita">This describes a bit about my educational experience at school 1.</p>
    </context>
  </taskbody>
  <related-links class="- topic/related-links " xtrc="related-links:1;12:18" xtrf="file:/C:/Users/Primo/Downloads/portfolio/portfolio/tasks/school_1.dita">
    <link class="- topic/link " href="#unique_7" ohref="tasks/school_2.dita" type="task" xtrc="link:1;13:33" xtrf="file:/C:/Users/Primo/Downloads/portfolio/portfolio/tasks/school_1.dita"><?ditaot gentext?><linktext class="- topic/linktext ">School 2</linktext><?ditaot genshortdesc?><desc class="- topic/desc ">This describes a bit about my educational experience at school 2.</desc></link>
  </related-links>
</task></topic><topic class="- topic/topic " ditaarch:DITAArchVersion="1.3" domains="(topic abbrev-d) a(props deliveryTarget) (topic equation-d) (topic hazard-d) (topic hi-d) (topic indexing-d) (topic markup-d) (topic mathml-d) (topic pr-d) (topic relmgmt-d) (topic sw-d) (topic svg-d) (topic ui-d) (topic ut-d) (topic markup-d xml-d)" id="unique_9" oid="work_experience" specializations="@props/deliveryTarget" xtrc="topic:1;4:29" xtrf="file:/C:/Users/Primo/Downloads/portfolio/portfolio/topics/work_experience.dita">
  <title class="- topic/title " xtrc="title:1;5:10" xtrf="file:/C:/Users/Primo/Downloads/portfolio/portfolio/topics/work_experience.dita">Work Experience</title>
  <shortdesc class="- topic/shortdesc " xtrc="shortdesc:1;6:14" xtrf="file:/C:/Users/Primo/Downloads/portfolio/portfolio/topics/work_experience.dita">This describes a bit about my work experience.</shortdesc>
  <prolog class="- topic/prolog " xtrc="prolog:1;7:11" xtrf="file:/C:/Users/Primo/Downloads/portfolio/portfolio/topics/work_experience.dita">
    <metadata class="- topic/metadata " xtrc="metadata:1;8:15" xtrf="file:/C:/Users/Primo/Downloads/portfolio/portfolio/topics/work_experience.dita">
      <keywords class="- topic/keywords " xtrc="keywords:1;9:17" xtrf="file:/C:/Users/Primo/Downloads/portfolio/portfolio/topics/work_experience.dita">
        <opentopic-index:index.entry value="work"><opentopic-index:formatted-value>work</opentopic-index:formatted-value><opentopic-index:refID indexid="indexid113318729" value="work:"/></opentopic-index:index.entry>
      </keywords>
    </metadata>
  </prolog>
  <body class="- topic/body " xtrc="body:1;14:9" xtrf="file:/C:/Users/Primo/Downloads/portfolio/portfolio/topics/work_experience.dita">
    <p class="- topic/p " xtrc="p:1;15:8" xtrf="file:/C:/Users/Primo/Downloads/portfolio/portfolio/topics/work_experience.dita">This describes a bit more about my work experience.</p>
  </body>
<task class="- topic/topic task/task " ditaarch:DITAArchVersion="1.3" domains="(topic task) (topic abbrev-d) a(props deliveryTarget) (topic equation-d) (topic hazard-d) (topic hi-d) (topic indexing-d) (topic markup-d) (topic mathml-d) (topic pr-d) (topic relmgmt-d) (topic sw-d) (topic svg-d) (topic ui-d) (topic ut-d) (topic markup-d xml-d) (topic task strictTaskbody-c)" id="unique_10" oid="work_2" specializations="@props/deliveryTarget" xtrc="task:1;4:19" xtrf="file:/C:/Users/Primo/Downloads/portfolio/portfolio/tasks/work_2.dita">
  <title class="- topic/title " xtrc="title:1;5:10" xtrf="file:/C:/Users/Primo/Downloads/portfolio/portfolio/tasks/work_2.dita">Work Experience 2</title>
  <shortdesc class="- topic/shortdesc " xtrc="shortdesc:1;6:14" xtrf="file:/C:/Users/Primo/Downloads/portfolio/portfolio/tasks/work_2.dita">This describes a bit about my work experience 2.</shortdesc>
  <taskbody class="- topic/body task/taskbody " xtrc="taskbody:1;7:13" xtrf="file:/C:/Users/Primo/Downloads/portfolio/portfolio/tasks/work_2.dita">
    <context class="- topic/section task/context " xtrc="context:1;8:14" xtrf="file:/C:/Users/Primo/Downloads/portfolio/portfolio/tasks/work_2.dita">
      <p class="- topic/p " xtrc="p:1;9:10" xtrf="file:/C:/Users/Primo/Downloads/portfolio/portfolio/tasks/work_2.dita">This describes a bit about my work experience 2.</p>
    </context>
  </taskbody>
  <related-links class="- topic/related-links " xtrc="related-links:1;12:18" xtrf="file:/C:/Users/Primo/Downloads/portfolio/portfolio/tasks/work_2.dita">
    <link class="- topic/link " href="#unique_5" ohref="tasks/my_work_life.dita" xtrc="link:1;13:37" xtrf="file:/C:/Users/Primo/Downloads/portfolio/portfolio/tasks/work_2.dita"/>
  </related-links>
</task><task class="- topic/topic task/task " ditaarch:DITAArchVersion="1.3" domains="(topic task) (topic abbrev-d) a(props deliveryTarget) (topic equation-d) (topic hazard-d) (topic hi-d) (topic indexing-d) (topic markup-d) (topic mathml-d) (topic pr-d) (topic relmgmt-d) (topic sw-d) (topic svg-d) (topic ui-d) (topic ut-d) (topic markup-d xml-d) (topic task strictTaskbody-c)" id="unique_11" oid="work_1" specializations="@props/deliveryTarget" xtrc="task:1;4:19" xtrf="file:/C:/Users/Primo/Downloads/portfolio/portfolio/tasks/work_1.dita">
  <title class="- topic/title " xtrc="title:1;5:10" xtrf="file:/C:/Users/Primo/Downloads/portfolio/portfolio/tasks/work_1.dita">Work Experience 1</title>
  <shortdesc class="- topic/shortdesc " xtrc="shortdesc:1;6:14" xtrf="file:/C:/Users/Primo/Downloads/portfolio/portfolio/tasks/work_1.dita">This describes a bit about my work experience 1.</shortdesc>
  <taskbody class="- topic/body task/taskbody " xtrc="taskbody:1;7:13" xtrf="file:/C:/Users/Primo/Downloads/portfolio/portfolio/tasks/work_1.dita">
    <context class="- topic/section task/context " xtrc="context:1;8:14" xtrf="file:/C:/Users/Primo/Downloads/portfolio/portfolio/tasks/work_1.dita">
      <p class="- topic/p " xtrc="p:1;9:10" xtrf="file:/C:/Users/Primo/Downloads/portfolio/portfolio/tasks/work_1.dita">This describes a bit about my work experience 1.</p>
    </context>
  </taskbody>
  <related-links class="- topic/related-links " xtrc="related-links:1;12:18" xtrf="file:/C:/Users/Primo/Downloads/portfolio/portfolio/tasks/work_1.dita">
    <link class="- topic/link " href="#unique_5" ohref="tasks/my_work_life.dita" xtrc="link:1;13:37" xtrf="file:/C:/Users/Primo/Downloads/portfolio/portfolio/tasks/work_1.dita"/>
  </related-links>
</task></topic><topic class="- topic/topic " ditaarch:DITAArchVersion="1.3" domains="(topic abbrev-d) a(props deliveryTarget) (topic equation-d) (topic hazard-d) (topic hi-d) (topic indexing-d) (topic markup-d) (topic mathml-d) (topic pr-d) (topic relmgmt-d) (topic sw-d) (topic svg-d) (topic ui-d) (topic ut-d) (topic markup-d xml-d)" id="unique_12" oid="skills" specializations="@props/deliveryTarget" xtrc="topic:1;4:20" xtrf="file:/C:/Users/Primo/Downloads/portfolio/portfolio/topics/skills.dita">
  <title class="- topic/title " xtrc="title:1;5:10" xtrf="file:/C:/Users/Primo/Downloads/portfolio/portfolio/topics/skills.dita">Skills</title>
  <shortdesc class="- topic/shortdesc " xtrc="shortdesc:1;6:14" xtrf="file:/C:/Users/Primo/Downloads/portfolio/portfolio/topics/skills.dita">This describes a bit about my relevant skills.</shortdesc>
  <prolog class="- topic/prolog " xtrc="prolog:1;7:11" xtrf="file:/C:/Users/Primo/Downloads/portfolio/portfolio/topics/skills.dita">
    <metadata class="- topic/metadata " xtrc="metadata:1;8:15" xtrf="file:/C:/Users/Primo/Downloads/portfolio/portfolio/topics/skills.dita">
      <keywords class="- topic/keywords " xtrc="keywords:1;9:17" xtrf="file:/C:/Users/Primo/Downloads/portfolio/portfolio/topics/skills.dita">
        <opentopic-index:index.entry value="work"><opentopic-index:formatted-value>work</opentopic-index:formatted-value><opentopic-index:refID indexid="indexid113318729" value="work:"/></opentopic-index:index.entry>
      </keywords>
    </metadata>
  </prolog>
  <body class="- topic/body " xtrc="body:1;14:9" xtrf="file:/C:/Users/Primo/Downloads/portfolio/portfolio/topics/skills.dita">
    <p class="- topic/p " xtrc="p:1;15:8" xtrf="file:/C:/Users/Primo/Downloads/portfolio/portfolio/topics/skills.dita">This describes a bit more about my relevant skills.</p>
  </body>
<task class="- topic/topic task/task " ditaarch:DITAArchVersion="1.3" domains="(topic task) (topic abbrev-d) a(props deliveryTarget) (topic equation-d) (topic hazard-d) (topic hi-d) (topic indexing-d) (topic markup-d) (topic mathml-d) (topic pr-d) (topic relmgmt-d) (topic sw-d) (topic svg-d) (topic ui-d) (topic ut-d) (topic markup-d xml-d) (topic task strictTaskbody-c)" id="unique_13" oid="skill_1" specializations="@props/deliveryTarget" xtrc="task:1;4:20" xtrf="file:/C:/Users/Primo/Downloads/portfolio/portfolio/tasks/skill_1.dita">
  <title class="- topic/title " xtrc="title:1;5:10" xtrf="file:/C:/Users/Primo/Downloads/portfolio/portfolio/tasks/skill_1.dita">Skill 1</title>
  <shortdesc class="- topic/shortdesc " xtrc="shortdesc:1;6:14" xtrf="file:/C:/Users/Primo/Downloads/portfolio/portfolio/tasks/skill_1.dita">This describes a bit about my skill 1.</shortdesc>
  <taskbody class="- topic/body task/taskbody " xtrc="taskbody:1;7:13" xtrf="file:/C:/Users/Primo/Downloads/portfolio/portfolio/tasks/skill_1.dita">
    <context class="- topic/section task/context " xtrc="context:1;8:14" xtrf="file:/C:/Users/Primo/Downloads/portfolio/portfolio/tasks/skill_1.dita">
      <p class="- topic/p " xtrc="p:1;9:10" xtrf="file:/C:/Users/Primo/Downloads/portfolio/portfolio/tasks/skill_1.dita">This describes a bit about my skill 1.</p>
    </context>
  </taskbody>
  <related-links class="- topic/related-links " xtrc="related-links:1;12:18" xtrf="file:/C:/Users/Primo/Downloads/portfolio/portfolio/tasks/skill_1.dita">
    <link class="- topic/link " href="#unique_14" ohref="tasks/skill_2.dita" type="task" xtrc="link:1;13:32" xtrf="file:/C:/Users/Primo/Downloads/portfolio/portfolio/tasks/skill_1.dita"><?ditaot gentext?><linktext class="- topic/linktext ">Skill 2</linktext><?ditaot genshortdesc?><desc class="- topic/desc ">This describes a bit about my skill 2.</desc></link>
    <link class="- topic/link " href="#unique_15" ohref="tasks/skill_3.dita" type="task" xtrc="link:2;14:32" xtrf="file:/C:/Users/Primo/Downloads/portfolio/portfolio/tasks/skill_1.dita"><?ditaot gentext?><linktext class="- topic/linktext ">Skill 3</linktext><?ditaot genshortdesc?><desc class="- topic/desc ">This describes a bit about my skill 3.</desc></link>
    <link class="- topic/link " href="#unique_16" ohref="tasks/skill_4.dita" type="task" xtrc="link:3;15:32" xtrf="file:/C:/Users/Primo/Downloads/portfolio/portfolio/tasks/skill_1.dita"><?ditaot gentext?><linktext class="- topic/linktext ">Skill 4</linktext><?ditaot genshortdesc?><desc class="- topic/desc ">This describes a bit about my skill 4.</desc></link>
  </related-links>
</task><task class="- topic/topic task/task " ditaarch:DITAArchVersion="1.3" domains="(topic task) (topic abbrev-d) a(props deliveryTarget) (topic equation-d) (topic hazard-d) (topic hi-d) (topic indexing-d) (topic markup-d) (topic mathml-d) (topic pr-d) (topic relmgmt-d) (topic sw-d) (topic svg-d) (topic ui-d) (topic ut-d) (topic markup-d xml-d) (topic task strictTaskbody-c)" id="unique_14" oid="skill_4" specializations="@props/deliveryTarget" xtrc="task:1;4:20" xtrf="file:/C:/Users/Primo/Downloads/portfolio/portfolio/tasks/skill_2.dita">
  <title class="- topic/title " xtrc="title:1;5:10" xtrf="file:/C:/Users/Primo/Downloads/portfolio/portfolio/tasks/skill_2.dita">Skill 2</title>
  <shortdesc class="- topic/shortdesc " xtrc="shortdesc:1;6:14" xtrf="file:/C:/Users/Primo/Downloads/portfolio/portfolio/tasks/skill_2.dita">This describes a bit about my skill 2.</shortdesc>
  <taskbody class="- topic/body task/taskbody " xtrc="taskbody:1;7:13" xtrf="file:/C:/Users/Primo/Downloads/portfolio/portfolio/tasks/skill_2.dita">
    <context class="- topic/section task/context " xtrc="context:1;8:14" xtrf="file:/C:/Users/Primo/Downloads/portfolio/portfolio/tasks/skill_2.dita">
      <p class="- topic/p " xtrc="p:1;9:10" xtrf="file:/C:/Users/Primo/Downloads/portfolio/portfolio/tasks/skill_2.dita">This describes a bit about my skill 2.</p>
    </context>
  </taskbody>
  <related-links class="- topic/related-links " xtrc="related-links:1;12:18" xtrf="file:/C:/Users/Primo/Downloads/portfolio/portfolio/tasks/skill_2.dita">
    <link class="- topic/link " href="#unique_13" ohref="tasks/skill_1.dita" type="task" xtrc="link:1;13:32" xtrf="file:/C:/Users/Primo/Downloads/portfolio/portfolio/tasks/skill_2.dita"><?ditaot gentext?><linktext class="- topic/linktext ">Skill 1</linktext><?ditaot genshortdesc?><desc class="- topic/desc ">This describes a bit about my skill 1.</desc></link>
    <link class="- topic/link " href="#unique_15" ohref="tasks/skill_3.dita" type="task" xtrc="link:2;14:32" xtrf="file:/C:/Users/Primo/Downloads/portfolio/portfolio/tasks/skill_2.dita"><?ditaot gentext?><linktext class="- topic/linktext ">Skill 3</linktext><?ditaot genshortdesc?><desc class="- topic/desc ">This describes a bit about my skill 3.</desc></link>
    <link class="- topic/link " href="#unique_16" ohref="tasks/skill_4.dita" type="task" xtrc="link:3;15:32" xtrf="file:/C:/Users/Primo/Downloads/portfolio/portfolio/tasks/skill_2.dita"><?ditaot gentext?><linktext class="- topic/linktext ">Skill 4</linktext><?ditaot genshortdesc?><desc class="- topic/desc ">This describes a bit about my skill 4.</desc></link>
  </related-links>
</task><task class="- topic/topic task/task " ditaarch:DITAArchVersion="1.3" domains="(topic task) (topic abbrev-d) a(props deliveryTarget) (topic equation-d) (topic hazard-d) (topic hi-d) (topic indexing-d) (topic markup-d) (topic mathml-d) (topic pr-d) (topic relmgmt-d) (topic sw-d) (topic svg-d) (topic ui-d) (topic ut-d) (topic markup-d xml-d) (topic task strictTaskbody-c)" id="unique_15" oid="skill_3" specializations="@props/deliveryTarget" xtrc="task:1;4:20" xtrf="file:/C:/Users/Primo/Downloads/portfolio/portfolio/tasks/skill_3.dita">
  <title class="- topic/title " xtrc="title:1;5:10" xtrf="file:/C:/Users/Primo/Downloads/portfolio/portfolio/tasks/skill_3.dita">Skill 3</title>
  <shortdesc class="- topic/shortdesc " xtrc="shortdesc:1;6:14" xtrf="file:/C:/Users/Primo/Downloads/portfolio/portfolio/tasks/skill_3.dita">This describes a bit about my skill 3.</shortdesc>
  <taskbody class="- topic/body task/taskbody " xtrc="taskbody:1;7:13" xtrf="file:/C:/Users/Primo/Downloads/portfolio/portfolio/tasks/skill_3.dita">
    <context class="- topic/section task/context " xtrc="context:1;8:14" xtrf="file:/C:/Users/Primo/Downloads/portfolio/portfolio/tasks/skill_3.dita">
      <p class="- topic/p " xtrc="p:1;9:10" xtrf="file:/C:/Users/Primo/Downloads/portfolio/portfolio/tasks/skill_3.dita">This describes a bit about my skill 3.</p>
    </context>
  </taskbody>
  <related-links class="- topic/related-links " xtrc="related-links:1;12:18" xtrf="file:/C:/Users/Primo/Downloads/portfolio/portfolio/tasks/skill_3.dita">
    <link class="- topic/link " href="#unique_13" ohref="tasks/skill_1.dita" type="task" xtrc="link:1;13:32" xtrf="file:/C:/Users/Primo/Downloads/portfolio/portfolio/tasks/skill_3.dita"><?ditaot gentext?><linktext class="- topic/linktext ">Skill 1</linktext><?ditaot genshortdesc?><desc class="- topic/desc ">This describes a bit about my skill 1.</desc></link>
    <link class="- topic/link " href="#unique_14" ohref="tasks/skill_2.dita" type="task" xtrc="link:2;14:32" xtrf="file:/C:/Users/Primo/Downloads/portfolio/portfolio/tasks/skill_3.dita"><?ditaot gentext?><linktext class="- topic/linktext ">Skill 2</linktext><?ditaot genshortdesc?><desc class="- topic/desc ">This describes a bit about my skill 2.</desc></link>
    <link class="- topic/link " href="#unique_16" ohref="tasks/skill_4.dita" type="task" xtrc="link:3;15:32" xtrf="file:/C:/Users/Primo/Downloads/portfolio/portfolio/tasks/skill_3.dita"><?ditaot gentext?><linktext class="- topic/linktext ">Skill 4</linktext><?ditaot genshortdesc?><desc class="- topic/desc ">This describes a bit about my skill 4.</desc></link>
  </related-links>
</task><task class="- topic/topic task/task " ditaarch:DITAArchVersion="1.3" domains="(topic task) (topic abbrev-d) a(props deliveryTarget) (topic equation-d) (topic hazard-d) (topic hi-d) (topic indexing-d) (topic markup-d) (topic mathml-d) (topic pr-d) (topic relmgmt-d) (topic sw-d) (topic svg-d) (topic ui-d) (topic ut-d) (topic markup-d xml-d) (topic task strictTaskbody-c)" id="unique_16" oid="skill_4" specializations="@props/deliveryTarget" xtrc="task:1;4:20" xtrf="file:/C:/Users/Primo/Downloads/portfolio/portfolio/tasks/skill_4.dita">
  <title class="- topic/title " xtrc="title:1;5:10" xtrf="file:/C:/Users/Primo/Downloads/portfolio/portfolio/tasks/skill_4.dita">Skill 4</title>
  <shortdesc class="- topic/shortdesc " xtrc="shortdesc:1;6:14" xtrf="file:/C:/Users/Primo/Downloads/portfolio/portfolio/tasks/skill_4.dita">This describes a bit about my skill 4.</shortdesc>
  <taskbody class="- topic/body task/taskbody " xtrc="taskbody:1;7:13" xtrf="file:/C:/Users/Primo/Downloads/portfolio/portfolio/tasks/skill_4.dita">
    <context class="- topic/section task/context " xtrc="context:1;8:14" xtrf="file:/C:/Users/Primo/Downloads/portfolio/portfolio/tasks/skill_4.dita">
      <p class="- topic/p " xtrc="p:1;9:10" xtrf="file:/C:/Users/Primo/Downloads/portfolio/portfolio/tasks/skill_4.dita">This describes a bit about my skill 4.</p>
    </context>
  </taskbody>
  <related-links class="- topic/related-links " xtrc="related-links:1;12:18" xtrf="file:/C:/Users/Primo/Downloads/portfolio/portfolio/tasks/skill_4.dita">
    <link class="- topic/link " href="#unique_13" ohref="tasks/skill_1.dita" type="task" xtrc="link:1;13:32" xtrf="file:/C:/Users/Primo/Downloads/portfolio/portfolio/tasks/skill_4.dita"><?ditaot gentext?><linktext class="- topic/linktext ">Skill 1</linktext><?ditaot genshortdesc?><desc class="- topic/desc ">This describes a bit about my skill 1.</desc></link>
    <link class="- topic/link " href="#unique_14" ohref="tasks/skill_2.dita" type="task" xtrc="link:2;14:32" xtrf="file:/C:/Users/Primo/Downloads/portfolio/portfolio/tasks/skill_4.dita"><?ditaot gentext?><linktext class="- topic/linktext ">Skill 2</linktext><?ditaot genshortdesc?><desc class="- topic/desc ">This describes a bit about my skill 2.</desc></link>
    <link class="- topic/link " href="#unique_15" ohref="tasks/skill_3.dita" type="task" xtrc="link:3;15:32" xtrf="file:/C:/Users/Primo/Downloads/portfolio/portfolio/tasks/skill_4.dita"><?ditaot gentext?><linktext class="- topic/linktext ">Skill 3</linktext><?ditaot genshortdesc?><desc class="- topic/desc ">This describes a bit about my skill 3.</desc></link>
  </related-links>
</task></topic><topic class="- topic/topic " ditaarch:DITAArchVersion="1.3" domains="(topic abbrev-d) a(props deliveryTarget) (topic equation-d) (topic hazard-d) (topic hi-d) (topic indexing-d) (topic markup-d) (topic mathml-d) (topic pr-d) (topic relmgmt-d) (topic sw-d) (topic svg-d) (topic ui-d) (topic ut-d) (topic markup-d xml-d)" id="unique_17" oid="references" specializations="@props/deliveryTarget" xtrc="topic:1;4:24" xtrf="file:/C:/Users/Primo/Downloads/portfolio/portfolio/topics/references.dita">
  <title class="- topic/title " xtrc="title:1;5:10" xtrf="file:/C:/Users/Primo/Downloads/portfolio/portfolio/topics/references.dita">References</title>
  <shortdesc class="- topic/shortdesc " xtrc="shortdesc:1;6:14" xtrf="file:/C:/Users/Primo/Downloads/portfolio/portfolio/topics/references.dita">This introduces my references.</shortdesc>
  <prolog class="- topic/prolog " xtrc="prolog:1;7:11" xtrf="file:/C:/Users/Primo/Downloads/portfolio/portfolio/topics/references.dita">
    <metadata class="- topic/metadata " xtrc="metadata:1;8:15" xtrf="file:/C:/Users/Primo/Downloads/portfolio/portfolio/topics/references.dita">
      <keywords class="- topic/keywords " xtrc="keywords:1;9:17" xtrf="file:/C:/Users/Primo/Downloads/portfolio/portfolio/topics/references.dita">
        <opentopic-index:index.entry value="reference"><opentopic-index:formatted-value>reference</opentopic-index:formatted-value><opentopic-index:refID indexid="indexid1384950351" value="reference:"/></opentopic-index:index.entry>
      </keywords>
    </metadata>
  </prolog>
  <body class="- topic/body " xtrc="body:1;14:9" xtrf="file:/C:/Users/Primo/Downloads/portfolio/portfolio/topics/references.dita">
    <p class="- topic/p " xtrc="p:1;15:8" xtrf="file:/C:/Users/Primo/Downloads/portfolio/portfolio/topics/references.dita">This introduces my references a bit more fully.</p>
  </body>
<task class="- topic/topic task/task " ditaarch:DITAArchVersion="1.3" domains="(topic task) (topic abbrev-d) a(props deliveryTarget) (topic equation-d) (topic hazard-d) (topic hi-d) (topic indexing-d) (topic markup-d) (topic mathml-d) (topic pr-d) (topic relmgmt-d) (topic sw-d) (topic svg-d) (topic ui-d) (topic ut-d) (topic markup-d xml-d) (topic task strictTaskbody-c)" id="unique_18" oid="reference_1" specializations="@props/deliveryTarget" xtrc="task:1;4:24" xtrf="file:/C:/Users/Primo/Downloads/portfolio/portfolio/tasks/reference_1.dita">
  <title class="- topic/title " xtrc="title:1;5:10" xtrf="file:/C:/Users/Primo/Downloads/portfolio/portfolio/tasks/reference_1.dita">Reference 1</title>
  <shortdesc class="- topic/shortdesc " xtrc="shortdesc:1;6:14" xtrf="file:/C:/Users/Primo/Downloads/portfolio/portfolio/tasks/reference_1.dita">This describes a bit about the person who will serve as my reference 1.</shortdesc>
  <taskbody class="- topic/body task/taskbody " xtrc="taskbody:1;7:13" xtrf="file:/C:/Users/Primo/Downloads/portfolio/portfolio/tasks/reference_1.dita">
    <context class="- topic/section task/context " xtrc="context:1;8:14" xtrf="file:/C:/Users/Primo/Downloads/portfolio/portfolio/tasks/reference_1.dita">
      <p class="- topic/p " xtrc="p:1;9:10" xtrf="file:/C:/Users/Primo/Downloads/portfolio/portfolio/tasks/reference_1.dita">This is the full contact information for the person who will serve as my reference 1.</p>
    </context>
  </taskbody>
  <related-links class="- topic/related-links " xtrc="related-links:1;12:18" xtrf="file:/C:/Users/Primo/Downloads/portfolio/portfolio/tasks/reference_1.dita">
    <link class="- topic/link " href="#unique_19" ohref="tasks/reference_2.dita" type="task" xtrc="link:1;13:36" xtrf="file:/C:/Users/Primo/Downloads/portfolio/portfolio/tasks/reference_1.dita"><?ditaot gentext?><linktext class="- topic/linktext ">Reference 2</linktext><?ditaot genshortdesc?><desc class="- topic/desc ">This describes a bit about the person who will serve as my reference 2.</desc></link>
    <link class="- topic/link " href="#unique_20" ohref="tasks/reference_3.dita" type="task" xtrc="link:2;14:36" xtrf="file:/C:/Users/Primo/Downloads/portfolio/portfolio/tasks/reference_1.dita"><?ditaot gentext?><linktext class="- topic/linktext ">Reference 3</linktext><?ditaot genshortdesc?><desc class="- topic/desc ">This describes a bit about the person who will serve as my reference 3.</desc></link>
  </related-links>
</task><task class="- topic/topic task/task " ditaarch:DITAArchVersion="1.3" domains="(topic task) (topic abbrev-d) a(props deliveryTarget) (topic equation-d) (topic hazard-d) (topic hi-d) (topic indexing-d) (topic markup-d) (topic mathml-d) (topic pr-d) (topic relmgmt-d) (topic sw-d) (topic svg-d) (topic ui-d) (topic ut-d) (topic markup-d xml-d) (topic task strictTaskbody-c)" id="unique_19" oid="reference_2" specializations="@props/deliveryTarget" xtrc="task:1;4:24" xtrf="file:/C:/Users/Primo/Downloads/portfolio/portfolio/tasks/reference_2.dita">
  <title class="- topic/title " xtrc="title:1;5:10" xtrf="file:/C:/Users/Primo/Downloads/portfolio/portfolio/tasks/reference_2.dita">Reference 2</title>
  <shortdesc class="- topic/shortdesc " xtrc="shortdesc:1;6:14" xtrf="file:/C:/Users/Primo/Downloads/portfolio/portfolio/tasks/reference_2.dita">This describes a bit about the person who will serve as my reference 2.</shortdesc>
  <taskbody class="- topic/body task/taskbody " xtrc="taskbody:1;7:13" xtrf="file:/C:/Users/Primo/Downloads/portfolio/portfolio/tasks/reference_2.dita">
    <context class="- topic/section task/context " xtrc="context:1;8:14" xtrf="file:/C:/Users/Primo/Downloads/portfolio/portfolio/tasks/reference_2.dita">
      <p class="- topic/p " xtrc="p:1;9:10" xtrf="file:/C:/Users/Primo/Downloads/portfolio/portfolio/tasks/reference_2.dita">This is the full contact information for the person who will serve as my reference 2.</p>
    </context>
  </taskbody>
  <related-links class="- topic/related-links " xtrc="related-links:1;12:18" xtrf="file:/C:/Users/Primo/Downloads/portfolio/portfolio/tasks/reference_2.dita">
    <link class="- topic/link " href="#unique_18" ohref="tasks/reference_1.dita" type="task" xtrc="link:1;13:36" xtrf="file:/C:/Users/Primo/Downloads/portfolio/portfolio/tasks/reference_2.dita"><?ditaot gentext?><linktext class="- topic/linktext ">Reference 1</linktext><?ditaot genshortdesc?><desc class="- topic/desc ">This describes a bit about the person who will serve as my reference 1.</desc></link>
    <link class="- topic/link " href="#unique_20" ohref="tasks/reference_3.dita" type="task" xtrc="link:2;14:36" xtrf="file:/C:/Users/Primo/Downloads/portfolio/portfolio/tasks/reference_2.dita"><?ditaot gentext?><linktext class="- topic/linktext ">Reference 3</linktext><?ditaot genshortdesc?><desc class="- topic/desc ">This describes a bit about the person who will serve as my reference 3.</desc></link>
  </related-links>
</task><task class="- topic/topic task/task " ditaarch:DITAArchVersion="1.3" domains="(topic task) (topic abbrev-d) a(props deliveryTarget) (topic equation-d) (topic hazard-d) (topic hi-d) (topic indexing-d) (topic markup-d) (topic mathml-d) (topic pr-d) (topic relmgmt-d) (topic sw-d) (topic svg-d) (topic ui-d) (topic ut-d) (topic markup-d xml-d) (topic task strictTaskbody-c)" id="unique_20" oid="reference_3" specializations="@props/deliveryTarget" xtrc="task:1;4:24" xtrf="file:/C:/Users/Primo/Downloads/portfolio/portfolio/tasks/reference_3.dita">
  <title class="- topic/title " xtrc="title:1;5:10" xtrf="file:/C:/Users/Primo/Downloads/portfolio/portfolio/tasks/reference_3.dita">Reference 3</title>
  <shortdesc class="- topic/shortdesc " xtrc="shortdesc:1;6:14" xtrf="file:/C:/Users/Primo/Downloads/portfolio/portfolio/tasks/reference_3.dita">This describes a bit about the person who will serve as my reference 3.</shortdesc>
  <taskbody class="- topic/body task/taskbody " xtrc="taskbody:1;7:13" xtrf="file:/C:/Users/Primo/Downloads/portfolio/portfolio/tasks/reference_3.dita">
    <context class="- topic/section task/context " xtrc="context:1;8:14" xtrf="file:/C:/Users/Primo/Downloads/portfolio/portfolio/tasks/reference_3.dita">
      <p class="- topic/p " xtrc="p:1;9:10" xtrf="file:/C:/Users/Primo/Downloads/portfolio/portfolio/tasks/reference_3.dita">This is the full contact information for the person who will serve as my reference 3.</p>
    </context>
  </taskbody>
  <related-links class="- topic/related-links " xtrc="related-links:1;12:18" xtrf="file:/C:/Users/Primo/Downloads/portfolio/portfolio/tasks/reference_3.dita">
    <link class="- topic/link " href="#unique_18" ohref="tasks/reference_1.dita" type="task" xtrc="link:1;13:36" xtrf="file:/C:/Users/Primo/Downloads/portfolio/portfolio/tasks/reference_3.dita"><?ditaot gentext?><linktext class="- topic/linktext ">Reference 1</linktext><?ditaot genshortdesc?><desc class="- topic/desc ">This describes a bit about the person who will serve as my reference 1.</desc></link>
    <link class="- topic/link " href="#unique_19" ohref="tasks/reference_2.dita" type="task" xtrc="link:2;14:36" xtrf="file:/C:/Users/Primo/Downloads/portfolio/portfolio/tasks/reference_3.dita"><?ditaot gentext?><linktext class="- topic/linktext ">Reference 2</linktext><?ditaot genshortdesc?><desc class="- topic/desc ">This describes a bit about the person who will serve as my reference 2.</desc></link>
  </related-links>
</task></topic><opentopic-index:index.groups><opentopic-index:index.group><opentopic-index:label>A</opentopic-index:label><opentopic-index:index.entry value="about"><opentopic-index:formatted-value>about</opentopic-index:formatted-value><opentopic-index:refID indexid="indexid-1424011699" value="about:"/></opentopic-index:index.entry></opentopic-index:index.group><opentopic-index:index.group><opentopic-index:label>E</opentopic-index:label><opentopic-index:index.entry value="education"><opentopic-index:formatted-value>education</opentopic-index:formatted-value><opentopic-index:refID indexid="indexid-423522926" value="education:"/></opentopic-index:index.entry></opentopic-index:index.group><opentopic-index:index.group><opentopic-index:label>R</opentopic-index:label><opentopic-index:index.entry value="reference"><opentopic-index:formatted-value>reference</opentopic-index:formatted-value><opentopic-index:refID indexid="indexid1384950351" value="reference:"/></opentopic-index:index.entry></opentopic-index:index.group><opentopic-index:index.group><opentopic-index:label>W</opentopic-index:label><opentopic-index:index.entry value="work"><opentopic-index:formatted-value>work</opentopic-index:formatted-value><opentopic-index:refID indexid="indexid113318729" value="work:"/></opentopic-index:index.entry></opentopic-index:index.group></opentopic-index:index.groups></map>